备注	界面序号	控件序号	控件类型	控件坐标X	控件坐标Y	控件宽度W	控件长度H	控件回调号码	控件事件号码	属性													
背景(顶层界面)	0	0	1	0	0	480	272	0	0	00000000|00000000	33|0|0	135177|9|0	65537|212|0											
左边功能栏容器	0	1	0	0	0	56	272	0	0	00000002|00000000	33|0|0												
主页	0	2	1	0	0	56	54	0	0	00000000|00000000	65540|1|0	135177|9|0											
文件	0	3	1	0	54	56	54	0	0	00000000|00000000	65540|1|0	135177|9|0											
控制	0	4	1	0	108	56	54	0	0	00000000|00000000	65540|1|0	135177|9|0											
设置	0	5	1	0	162	56	54	0	0	00000000|00000000	65540|1|0	135177|9|0											
校准	0	6	1	0	216	56	56	0	0	00000000|00000000	65540|1|0	135177|9|0											
上边功能栏容器	0	7	1	56	0	424	32	0	0	00000002|00000000	33|0|0												
操作1	0	8	1	11	5	96	27	0	0	00000000|00000000	65540|7|0	33|0|0	65539|12|0	5213|2|0						
操作2	0	9	1	114	5	96	27	0	0	00000000|00000000	65540|7|0	33|0|0	65539|12|0	5213|2|0						
操作3	0	10	1	215	5	96	27	0	0	00000000|00000000	65540|7|0	33|0|0	65539|12|0	5213|2|0						
操作4	0	11	1	317	5	96	27	0	0	00000000|00000000	65540|7|0	33|0|0	65539|12|0	5213|2|0						
息屏	0	12	1	0	0	480	272	0	0	00000000|00000000	32|#FF000000|0											
容器(主界面)	1	0	1	66	10	404	252	0	0	00000002|00000000	32|#FF1E1E20|0	96|10|0	1111|#FF22D000|0	65539|16|0	135177|2|0	266247|24|0	266248|15|0						
照明灯	1	1	1	22	44	56	50	0	0	00000000|00000000	65540|0|0	32|#FF383837|0	32|#FF505050|0020	96|10|0	135177|9|0									
网络	1	2	1	86	44	56	50	0	0	00000002|00000000	65540|0|0	32|#FF383837|0	32|#FF505050|0020	96|10|0	135177|9|0									
喷头温度	1	3	1	22	102	56	50	0	0	00000000|00000000	65540|0|0	32|#FF383837|0	32|#FF505050|0020	96|10|0	1111|#FFFFFFFF|0	65539|10|0	135177|2|0	135176|7|0	266249|2|0	266248|33|0				
热床温度	1	4	1	86	102	56	50	0	0	00000000|00000000	65540|0|0	32|#FF383837|0	32|#FF505050|0020	96|10|0	1111|#FFFFFFFF|0	65539|10|0	135177|2|0	135176|7|0	266249|2|0	266248|33|0				
风扇	1	5	1	22	160	56	50	0	0	00000000|00000000	65540|0|0	32|#FF383837|0	32|#FF505050|0020	96|10|0	135177|9|0	65537|15|0								
箱体温度	1	6	1	130	200	40	40	0	0	00000002|00000000	65540|0|0	33|0|0	1111|#FFFFFFFF|0	65539|10|0	135177|2|0	266249|2|0	266248|27|0	65537|16|0					
IP	1	7	3	22	225	0	0	0	0	00000000|00000000	65540|0|0	1111|#FFFFFFFF|0	65539|12|0										
上边功能栏容器(控制界面)	2	0	1	56	0	424	32	0	0	00000002|00000000	33|0|0												
控制	2	1	1	10	5	96	27	0	0	00000000|00000000	65540|0|0	33|0|0	65539|12|0	266249|9|0	266241|96|0	5213|2|0	65538|1|0						
设置	2	2	1	114	5	96	27	0	0	00000000|00000000	65540|0|0	33|0|0	65539|12|0	266249|9|0	266241|96|0	5213|2|0	65538|2|0						
控制页容器	2	3	0	0	0	480	272	0	0	00000002|00000000	33|0|0												
风扇页容器	2	4	0	0	0	480	272	0	0	00000002|00000000	33|0|0												
控制容器	2	5	1	66	42	262	220	0	0	00000002|00000000	65540|3|0	33|0|0	65537|226|0										
设置容器	2	6	1	338	42	64	220	0	0	00000002|00000000	65540|3|0	33|0|0	96|10|0	97|1|0	65537|25|0								
打印速度容器	2	7	1	172	42	150	220	0	0	00000000|00000000	65540|3|0	33|0|0	96|10|0	97|1|0	1111|#FFFFFFFF|0	65539|12|0	266249|2|0	266248|5|0	266241|146|0	5213|2|0	65537|52|0	65538|3|0	
数字键盘容器	2	8	0	74	42	246	220	0	0	00000000|00000000	65540|3|0	33|0|0											
蒙板容器	2	9	0	0	0	480	272	0	0	00000000|00000000	65540|3|0	32|#FF000000|0	33|77|0										
刻度容器	2	10	0	10	10	242	38	0	0	00000002|00000000	65540|5|0	32|#FF383837|0	96|10|0											
01MM	2	11	1	0	0	61	38	0	0	00000000|00000000	65540|10|0	33|0|0	96|10|0	1111|#FFFFFFFF|0	65539|12|0	266249|9|0	135177|9|0	65537|213|0									
1.MM	2	12	1	60	0	61	38	0	0	00000000|00000000	65540|10|0	33|0|0	96|10|0	1111|#FFFFFFFF|0	65539|12|0	266249|9|0	135177|9|0	65537|213|0									
10MM	2	13	1	120	0	61	38	0	0	00000000|00000000	65540|10|0	33|0|0	96|10|0	1111|#FFFFFFFF|0	65539|12|0	266249|9|0	135177|9|0	65537|213|0									
30MM	2	14	1	180	0	62	38	0	0	00000000|00000000	65540|10|0	33|0|0	96|10|0	1111|#FFFFFFFF|0	65539|12|0	266249|9|0	135177|9|0	65537|213|0									
Z轴上升	2	15	1	10	58	42	42	0	0	00000000|00000000	65540|5|0	32|#FF383837|0	32|#FF505050|0020	96|6|0	135177|9|0	65537|26|0						
Z轴下降	2	16	1	10	168	42	42	0	0	00000000|00000000	65540|5|0	32|#FF383837|0	32|#FF505050|0020	96|6|0	135177|9|0	65537|28|0						
X轴减	2	17	1	62	87	42	94	0	0	00000000|00000000	65540|5|0	33|0|0	65539|10|0	266247|11|0	266248|42|0	1111|#FFFFFFFF|0	1111|#FFFFFFFF|0020				
X轴加	2	18	1	158	88	41	91	0	0	00000000|00000000	65540|5|0	33|0|0	65539|10|0	266247|15|0	266248|41|0	1111|#FFFFFFFF|0	1111|#FFFFFFFF|0020				
Y轴加	2	19	1	84	64	94	42	0	0	00000000|00000000	65540|5|0	33|0|0	65539|10|0	266247|38|0	266248|11|0	1111|#FFFFFFFF|0	1111|#FFFFFFFF|0020				
Y轴减	2	20	1	86	160	93	42	0	0	00000000|00000000	65540|5|0	33|0|0	65539|10|0	266247|39|0	266248|20|0	1111|#FFFFFFFF|0	1111|#FFFFFFFF|0020				
Z轴归零	2	21	1	10	113	42	42	0	0	00000000|00000000	65540|5|0	32|#FF383837|0	32|#FF505050|0020	96|6|0	135177|9|0	65537|38|0						
X轴归零	2	22	1	210	58	42	42	0	0	00000000|00000000	65540|5|0	32|#FF383837|0	32|#FF505050|0020	96|6|0	135177|9|0	65537|40|0						
Y轴归零	2	23	1	210	113	42	42	0	0	00000000|00000000	65540|5|0	32|#FF383837|0	32|#FF505050|0020	96|6|0	135177|9|0	65537|42|0						
ALL归零	2	24	1	111	114	40	40	0	0	00000000|00000000	65540|5|0	32|#FF383837|0	32|#FF505050|0020	96|20|0	135177|9|0	65537|44|0						
电机关闭	2	25	1	210	168	42	42	0	0	00000000|00000000	65540|5|0	32|#FF383837|0	32|#FF505050|0020	96|6|0	135177|9|0	65537|46|0						
挤出机容器	2	26	1	402	32	76	240	0	0	00000000|00000000	65540|3|0	33|0|0	1111|#FFFFFFFF|0	135175|24|0	135176|89|0	266249|2|0	266248|10|0	65537|250|0	65538|293|0	65539|12|0							
上键	2	27	1	17	34	42	42	0	0	00000000|00000000	65540|26|0	96|6|0	32|#FF1E1E20|0	32|#FF505050|0020	135177|9|0	65537|251|0				
下键	2	28	1	17	188	42	42	0	0	00000000|00000000	65540|26|0	96|6|0	32|#FF1E1E20|0	32|#FF505050|0020	135177|9|0	65537|252|0				
喷头温度	2	29	1	0	0	64	54	0	0	00000000|00000000	65540|6|0	65539|14|0	1111|#FFFFFFFF|0	266248|11|0	266247|24|0	135176|6|0	135175|3|0	65537|48|0				
热床温度	2	30	1	0	55	64	53	0	0	00000000|00000000	65540|6|0	65539|14|0	1111|#FFFFFFFF|0	266248|12|0	266247|25|0	135176|8|0	135175|2|0	65537|49|0				
箱体温度	2	31	1	0	110	64	53	0	0	00000002|00000000	65540|6|0	33|0|0	65539|14|0	1111|#FFFFFFFF|0	266249|2|0	266248|35|0	135176|6|0	135175|17|0	65537|50|0				
打印速度	2	32	1	0	165	64	55	0	0	00000000|00000000	65540|6|0	65539|12|0	1111|#FFFFFFFF|0	266249|2|0	266248|30|0	266241|60|0	135177|2|0	135176|4|0	65537|51|0	5213|2|0		
喷头实际温度	2	33	3	0	0	0	0	0	0	00000000|00000000	65540|29|0	65539|18|0	1111|#FFFFFFFF|0	4105|2|0	4104|33|0				
热床实际温度	2	34	3	0	0	0	0	0	0	00000000|00000000	65540|30|0	65539|18|0	1111|#FFFFFFFF|0	4105|2|0	4104|33|0				
进料	2	35	1	0	176	70	44	0	0	00000000|00000000	65540|6|0	32|#FF3C3E3B|0	32|#FF2A2A2A|0020	65539|12|0	1111|#FFFFFFFF|0	266249|9|0	266241|70|0	5213|2|0	65538|7|0					
退料	2	36	1	72	176	70	44	0	0	00000000|00000000	65540|6|0	32|#FF3C3E3B|0	32|#FF2A2A2A|0020	65539|12|0	1111|#FFFFFFFF|0	266249|9|0	266241|70|0	5213|2|0	65538|8|0					
狂暴	2	37	1	24	32	102	36	0	0	00000000|00000000	65540|7|0	32|#FF1E1E20|0	96|10|0	65539|14|0	1111|#FFFFFFFF|0	266249|9|0	266241|100|0	5213|2|0	65538|4|0	135177|9|0	65537|258|0		
运动	2	38	1	24	78	102	36	0	0	00000000|00000000	65540|7|0	32|#FF1E1E20|0	96|10|0	65539|14|0	1111|#FFFFFFFF|0	266249|9|0	266241|100|0	5213|2|0	65538|5|0	135177|9|0	65537|258|0		
均衡	2	39	1	24	124	102	36	0	0	00000000|00000000	65540|7|0	32|#FF1E1E20|0	96|10|0	65539|14|0	1111|#FFFFFFFF|0	266249|9|0	266241|100|0	5213|2|0	65538|6|0	135177|9|0	65537|258|0		
静音	2	40	1	24	170	102	36	0	0	00000000|00000000	65540|7|0	32|#FF1E1E20|0	96|10|0	65539|14|0	1111|#FFFFFFFF|0	266249|9|0	266241|100|0	5213|2|0	65538|12|0	135177|9|0	65537|258|0		
XY加减样式图	2	41	2	62	65	0	0	0	0	00000000|00000000	65540|5|0											
主容器(风扇界面)	3	0	0	66	42	404	220	0	0	00000002|00000000	32|#FF1E1E20|0	96|10|0											
辅助风扇容器	3	1	1	10	10	186	200	0	0	00000002|00000000	65540|0|0	32|#FF2F302F|0	96|10|0	65539|12|0	1111|#FFFFFFFF|0	266249|2|0	266248|12|0	266241|96|0	5213|2|0	135177|2|0	135176|26|0	65537|58|0	65538|9|0
模型风扇容器	3	2	1	207	10	186	151	0	0	00000002|00000000	65540|0|0	32|#FF2F302F|0	96|10|0	65539|12|0	1111|#FFFFFFFF|0	266249|2|0	266248|12|0	266241|96|0	5213|2|0	135177|2|0	135176|26|0	65537|58|0	65538|10|0
机箱风扇容器	3	3	1	207	171	186	39	0	0	00000002|00000000	65540|0|0	32|#FF2F302F|0	96|10|0	65539|12|0	1111|#FFFFFFFF|0	266249|7|0	266247|49|0	266241|96|0	5213|1|0	135177|7|0	135175|10|0	65537|59|0	65538|11|0
辅助风扇开关	3	4	1	0	0	54	37	0	0	00000000|00000000	65540|1|0	33|0|0	135177|9|0										
辅助风扇加	3	5	1	16	62	28	28	0	0	00000000|00000000	65540|1|0	32|#FF3C3E3B|0	32|#FF2A2A2A|0020	96|14|0	135177|9|0	65537|62|0						
辅助风扇减	3	6	1	144	62	28	28	0	0	00000000|00000000	65540|1|0	32|#FF3C3E3B|0	32|#FF2A2A2A|0020	96|14|0	135177|9|0	65537|64|0						
辅助风扇值	3	7	3	0	0	0	0	0	0	00000000|00000000	65540|1|0	65539|12|0	1111|#FFFFFFFF|0	4105|2|0	4104|115|0								
辅助风扇静音	3	8	1	11	161	48	30	0	0	00000000|00000000	65540|1|0	96|10|0	135177|9|0	65537|66|0										
辅助风扇正常	3	9	1	69	161	48	30	0	0	00000000|00000000	65540|1|0	96|10|0	135177|9|0	65537|68|0										
辅助风扇狂暴	3	10	1	127	161	48	30	0	0	00000000|00000000	65540|1|0	96|10|0	135177|9|0	65537|70|0										
风量调节标签	3	11	1	33	130	120	30	0	0	00000000|00000000	65540|1|0	33|0|0	65539|12|0	1111|#FFFFFFFF|0	266241|120|0	266249|9|0	5213|2|0	65538|346|0										
模型风扇开关	3	12	1	0	0	54	37	0	0	00000000|00000000	65540|2|0	33|0|0	135177|9|0										
模型风扇加	3	13	1	16	62	28	28	0	0	00000000|00000000	65540|2|0	32|#FF3C3E3B|0	32|#FF2A2A2A|0020	96|14|0	135177|9|0	65537|62|0						
模型风扇减	3	14	1	144	62	28	28	0	0	00000000|00000000	65540|2|0	32|#FF3C3E3B|0	32|#FF2A2A2A|0020	96|14|0	135177|9|0	65537|64|0						
模型风扇值	3	15	3	0	0	0	0	0	0	00000000|00000000	65540|2|0	65539|12|0	1111|#FFFFFFFF|0	4105|2|0	4104|115|0								
机箱风扇开关	3	16	1	136	0	50	39	0	0	00000000|00000000	65540|3|0	33|0|0	135177|9|0		
第二版辅助风扇容器	3	17	1	10	10	243	200	0	0	00000002|00000000	33|0|0	65540|0|0	266249|2|0	266241|96|0	5213|2|0	135177|2|0	14350|128|0	65537|350|0	 			
第二版模型风扇容器	3	18	1	232	10	162	200	0	0	00000002|00000000	65540|0|0	32|#FF2F302F|0	96|10|0	65539|12|0	1111|#FFFFFFFF|0	266249|2|0	266248|12|0	266241|96|0	5213|2|0	135177|2|0	135176|47|0	65537|58|0	65538|10|0
第二版模型风扇开关	3	19	1	17	10	54	37	0	0	00000000|00000000	65540|18|0	33|0|0										
第二版模型风扇加	3	20	1	109	173	36	20	0	0	00000000|00000000	65540|18|0	32|#FF3C3E3B|0	32|#FF2A2A2A|0020	96|14|0	135177|9|0	65537|352|0						
第二版模型风扇减	3	21	1	17	173	36	20	0	0	00000000|00000000	65540|18|0	32|#FF3C3E3B|0	32|#FF2A2A2A|0020	96|14|0	135177|9|0	65537|351|0						
第二版模型风扇值	3	22	3	0	0	0	0	0	0	00000000|00000000	65540|18|0	65539|12|0	1111|#FFFFFFFF|0	4105|2|0	4104|175|0								
上边功能栏容器(文件界面)	4	0	1	56	0	424	32	0	0	00000002|00000000	33|0|0												
本地	4	1	1	11	5	106	27	0	0	00000000|00000000	65540|0|0	33|0|0	65539|12|0	1111|#FFFFFFFF|0	266249|9|0	266241|106|0	5213|2|0	65538|15|0						
U 盘	4	2	1	127	5	106	27	0	0	00000000|00000000	65540|0|0	33|0|0	65539|12|0	1111|#FFFFFFFF|0	266249|9|0	266241|106|0	5213|2|0	65538|16|0						
历史	4	3	1	243	5	106	27	0	0	00000000|00000000	65540|0|0	33|0|0	65539|12|0	1111|#FFFFFFFF|0	266249|9|0	266241|106|0	5213|2|0	65538|17|0						
本地/U盘页容器	4	4	0	0	0	480	272	0	0	00000002|00000000	33|0|0					   							
打印历史页容器	4	5	0	0	0	480	272	0	0	00000002|00000000	33|0|0												
文件信息页容器	4	6	0	0	0	480	272	0	0	00000002|00000000	33|0|0												
本地/U盘列表容器	4	7	0	63	39	410	230	0	0	00000000|00000000	65540|4|0	33|0|0											
打印历史信息	4	8	1	66	41	404	220	0	0	00000002|00000000	65540|5|0	33|0|0	135177|9|0	65537|77|0							
文件名称标签	4	9	1	42	0	98	36	0	0	00000002|00000000	65540|8|0	33|0|0	65539|12|0	1111|#FFFFFFFF|0	266249|9|0	266241|98|0	5213|2|0	65538|23|0					
开始时间标签	4	10	1	141	0	98	36	0	0	00000002|00000000	65540|8|0	33|0|0	65539|12|0	1111|#FFFFFFFF|0	266249|9|0	266241|98|0	5213|2|0	65538|24|0					
总共耗时标签	4	11	1	240	0	98	36	0	0	00000002|00000000	65540|8|0	33|0|0	65539|12|0	1111|#FFFFFFFF|0	266249|9|0	266241|98|0	5213|2|0	65538|25|0					
状态标签	4	12	1	342	0	61	36	0	0	00000002|00000000	65540|8|0	33|0|0	65539|12|0	1111|#FFFFFFFF|0	266249|9|0	266241|61|0	5213|2|0	65538|26|0					
打印历史列表容器	4	13	0	0	36	404	184	0	0	00000000|00000000	65540|8|0	33|0|0											
切页容器	4	14	1	438	116	42	102	0	0	00000002|00000000	33|0|0	65539|12|0	1111|#FFFFFFFF|0	266249|9|0									
上一页	4	15	1	0	0	41	41	0	0	00000000|00000000	65540|14|0	33|0|0	135177|9|0	65537|78|0	65537|79|0020								
下一页	4	16	1	0	60	41	41	0	0	00000000|00000000	65540|14|0	33|0|0	135177|9|0	65537|80|0	65537|81|0020								
导入及删除容器	4	17	1	303	92	120	74	0	0	00000002|00000000	33|0|0	96|4|0	97|1|0	135177|9|0	65537|89|0								
导入	4	18	1	0	0	120	36	0	0	00000000|00000000	65540|17|0	32|#FF3C3E3B|0	32|#FF2A2A2A|0020	65539|10|0	1111|#FFFFFFFF|0	266249|9|0	266241|120|0	5213|2|0				
删除	4	19	1	0	38	120	36	0	0	00000000|00000000	65540|17|0	32|#FF3C3E3B|0	32|#FF2A2A2A|0020	65539|10|0	1111|#FFFFFFFF|0	266249|9|0	266241|120|0	5213|2|0	65538|28|0				
容器(文件列表项界面)	5	0	1	0	0	97	109	0	0	00000000|00000000	32|#FF1E1E20|0	96|10|0	4146|1|0	48|#FF1E1E20|0	48|#FF49AE35|0020								
预览图	5	1	1	0	0	97	66	0	0	00000002|00000000	65540|0|0	33|0|0	135177|9|0				
名称	5	2	3	0	0	0	0	0	0	00000002|00000000	65540|0|0	33|0|0	65539|11|0	1111|#FFFFFFFF|0	4105|2|0	4104|66|0	4097|92|0	4100|26|0	5213|2|0				
时间	5	3	1	0	90	60	14	0	0	00000002|00000000	65540|0|0	33|0|0	65539|10|0	1111|#FFFFFFFF|0	266249|7|0	266247|20|0	135177|7|0	135175|5|0	65537|83|0				
层数	5	4	1	60	90	36	14	0	0	00000002|00000000	65540|0|0	33|0|0	65539|10|0	1111|#FFFFFFFF|0	266249|7|0	266247|14|0	135177|7|0	135175|0|0	65537|84|0				
选框	5	5	1	2	0	38	38	0	0	00000002|00000000	65540|0|0	33|0|0	135177|9|0										
容器(历史列表项界面)	6	0	1	0	0	404	51	0	0	00000000|00000000	32|#FF1E1E20|0												
预览图	6	1	1	6	0	56	51	0	0	00000002|00000000	65540|0|0	33|0|0	135177|9|0				
名称	6	2	3	0	0	0	0	0	0	00000002|00000000	65540|0|0	33|0|0	65539|11|0	1111|#FFFFFFFF|0	4105|7|0	4103|67|0	4097|76|0	4100|48|0	5213|1|0				
开始时间	6	3	3	0	0	0	0	0	0	00000000|00000000	65540|0|0	65539|11|0	1111|#FFFFFFFF|0	4105|7|0	4103|155|0								
总共耗时	6	4	3	0	0	0	0	0	0	00000000|00000000	65540|0|0	65539|11|0	1111|#FFFFFFFF|0	4105|7|0	4103|280|0								
状态	6	5	2	0	0	0	0	0	0	00000000|00000000	65540|0|0	4105|7|0	4103|364|0										
禁点蒙板(文件信息界面)	7	0	1	56	0	424	272	0	0	00000000|00000000	33|0|0												
预览容器	7	1	1	10	10	210	251	0	0	00000002|00000000	65540|0|0	32|#FF242427|0	96|6|0	97|1|0	135177|9|0									
信息功能容器	7	2	1	230	10	184	251	0	0	00000002|00000000	65540|0|0	32|#FF1E1E20|0	96|6|0	135177|9|0								
名称	7	3	3	7	205	0	0	0	0	00000000|00000000	65540|1|0	65539|12|0	1111|#FFFFFFFF|0	4097|195|0	4100|16|0	5213|1|0							
时间	7	4	1	7	227	120	27	0	0	00000002|00000000	65540|1|0	33|0|0	65539|12|0	1111|#FFFFFFFF|0	266249|7|0	266247|23|0	135177|7|0	135175|0|0	65537|93|0				
层数	7	5	1	147	227	63	27	0	0	00000002|00000000	65540|1|0	33|0|0	65539|12|0	1111|#FFFFFFFF|0	266249|7|0	266247|23|0	135177|7|0	135175|0|0	65537|94|0				
延时摄影	7	6	1	10	99	164	40	0	0	00000000|00000000	65540|2|0	96|6|0	4146|1|0	65539|12|0	1111|#FFFFFFFF|0	266249|9|0	266241|164|0	5213|2|0	65538|29|0		
打印校准	7	7	1	10	149	164	40	0	0	00000000|00000000	65540|2|0	96|6|0	4146|1|0	65539|12|0	1111|#FFFFFFFF|0	266249|9|0	266241|164|0	5213|2|0	65538|30|0		
取消	7	8	1	10	209	74	32	0	0	00000000|00000000	65540|2|0	32|#FF2F302F|0	96|6|0	65539|12|0	1111|#FFFFFFFF|0	266249|9|0	266241|74|0	5213|2|0	65538|31|0		
打印	7	9	1	94	209	80	32	0	0	00000000|00000000	65540|2|0	32|#FF49AE35|0	96|6|0	65539|12|0	1111|#FFFFFFFF|0	266249|9|0	266241|80|0	5213|2|0	65538|32|0		
预览图	7	10	1	0	0	210	200	0	0	00000002|00000000	65540|1|0	32|#FF434343|0	135177|9|0									
线1	7	11	0	7	224	195	1	0	0	00000002|00000000	65540|1|0	32|#FF49AE35|0									
线2	7	12	0	10	200	164	1	0	0	00000002|00000000	65540|2|0	32|#FF49AE35|0									
平台容器	7	13	0	10	10	164	80	0	0	00000002|00000000	65540|2|0	32|#FF2F302F|0	96|6|0	4146|1|0	48|#FF555555|0									
A面	7	14	1	4	4	156	34	0	0	00000000|00000000	65540|13|0	96|6|0	4146|1|0	65539|12|0	1111|#FFFFFFFF|0	266249|9|0	266241|156|0	5213|2|0	65538|330|0		
B面	7	15	1	4	41	156	34	0	0	00000000|00000000	65540|13|0	96|6|0	4146|1|0	65539|12|0	1111|#FFFFFFFF|0	266249|9|0	266241|156|0	5213|2|0	65538|341|0		
耗材类型	7	16	1	165	8	37	20	0	0	00000002|00000000	65540|10|0	96|6|0	32|#FFFE6A00|0	65539|12|0	1111|#FFFFFFFF|0	266249|9|0	266241|37|0	5213|2|0		
摄像名称容器(打印界面)	8	0	1	66	10	256	252	0	0	00000002|00000000	32|#FF1E1E20|0	96|10|0	65539|12|0	1111|#FFFFFFFF|0	266249|2|0	266248|16|0	266241|153|0	266244|24|0	5213|2|0	135175|25|0	135176|36|0		
预览图	8	1	1	0	54 	256	160	0	0	00000002|00000000	65540|0|0	33|0|0		135177|9|0							
状态	8	2	3	49	44	0	0	0	0	00000000|00000000	65540|0|0	65539|12|0	1111|#FFFFFFFF|0	4097|155|0	5213|2|0							
进度滑块	8	3	5	8	232	240	10	0	0	00000002|00000000	65540|0|0	32|#FF2F302F|0	32|#FF49AE35|0x020000	96|5|0	96|5|0x020000								
进度标签	8	4	1	8	202	60	30	0	0	00000002|00000000	65540|0|0	33|0|0	65539|526|0	1111|#FFFFFFFF|0	266249|7|0								
层数标签	8	5	1	96	202	65	30	0	0	00000002|00000000	65540|0|0	33|0|0	65539|12|0	1111|#FFFFFFFF|0	266249|9|0								
时间标签	8	6	1	179	202	70	30	0	0	00000002|00000000	65540|0|0	33|0|0	65539|12|0	1111|#FFFFFFFF|0	266249|8|0								
信息栏	8	7	1	332	10	64	252	0	0	00000002|00000000	32|#FF1E1E20|0	96|10|0	97|1|0	65537|99|0									
网络	8	8	1	0	0	64	62	0	0	00000002|00000000	65540|7|0	32|#FF1E1E20|0	135177|9|0										
喷头温度	8	9	1	0	64	64	60	0	0	00000000|00000000	65540|7|0	32|#FF1E1E20|0	1111|#FFFFFFFF|0	65539|14|0	135175|3|0	135176|10|0	266247|24|0	266248|15|0	65537|100|0	
热床温度	8	10	1	0	128	65	60	0	0	00000000|00000000	65540|7|0	32|#FF1E1E20|0	1111|#FFFFFFFF|0	65539|14|0	135175|5|0	135176|11|0	266247|28|0	266248|16|0	65537|101|0	
箱体温度	8	11	1	0	192	66	60	0	0	00000002|00000000	65540|7|0	32|#FF1E1E20|0	1111|#FFFFFFFF|0	65539|18|0	135177|2|0	135176|9|0	266249|2|0	266248|36|0	65537|102|0				
喷头温度标签	8	12	3	0	0	0	0	0	0	00000000|00000000	65540|9|0	65539|18|0	1111|#FFFFFFFF|0	4105|2|0	4105|2|0	4104|36|0							
热床温度标签	8	13	3	0	0	0	0	0	0	00000000|00000000	65540|10|0	65539|18|0	1111|#FFFFFFFF|0	4105|2|0	4105|2|0	4104|36|0							
照明灯	8	14	1	406	10	64	56	0	0	00000000|00000000	32|#FF1E1E20|0	32|#FF505050|0020	96|10|0	135177|9|0							
风扇	8	15	1	406	75	64	56	0	0	00000000|00000000	32|#FF1E1E20|0	32|#FF505050|0020	96|10|0	135177|9|0	65537|105|0							
暂停	8	16	1	406	141	64	56	0	0	00000000|00000000	32|#FF1E1E20|0	32|#FF505050|0020	96|10|0	135177|9|0									
停止	8	17	1	406	206 	64	56	0	0	00000000|00000000	32|#FF1E1E20|0	32|#FF505050|0020	96|10|0	135177|9|0	65537|111|0							
蒙板(对话框界面)	9	0	0	0	0	480	272	0	0	00000000|00000000	32|#FF000000|0	33|51|0											
容器	9	1	1	120	61	240	150	0	0	00000002|00000000	65540|0|0	32|#FF383838|0	96|6|0										
标题	9	2	3	0	0	0	0	0	0	00000000|00000000	65540|1|0	65539|14|0	4105|2|0	4104|17|0	4097|240|0	5213|2|0							
图片，代码指定位置	9	3	2	0	0	0	0	0	0	00000000|00000000	65540|1|0											 
内容，代码指定位置	9	4	1	0	37	240	67	0	0	00000000|00000000	65540|1|0	33|0|0	65539|12|0	266249|9|0	266241|220|0	5213|2|0						
左侧按钮	9	5	1	25	101	88	34	0	0	00000000|00000000	65540|1|0	32|#FF4A4A4A|0	96|6|0	1111|#FFFFFFFF|0	65539|12|0	266249|9|0	266241|88|0	5213|2|0					
右侧按钮	9	6	1	127	101	88	34	0	0	00000000|00000000	65540|1|0	32|#FF49AE35|0	96|6|0	1111|#FFFFFFFF|0	65539|12|0	266249|9|0	266241|88|0	5213|2|0					
单独按钮	9	7	1	76	104	88	34	0	0	00000000|00000000	65540|1|0	32|#FF4A4A4A|0	96|6|0	1111|#FFFFFFFF|0	65539|12|0	266249|9|0	266241|88|0	5213|2|0	
蒙板(上方对话框界面)	10	0	0	0	0	480	272	0	0	00000000|00000000	32|#FF000000|0	33|51|0											
容器	10	1	1	10	10	460	68	0	0	00000002|00000000	65540|0|0	32|#FF383838|0	96|10|0	97|1|0									
标题	10	2	3	41	13	0	0	0	0	00000000|00000000	65540|1|0	65539|12|0											
图片	10	3	2	10	8	0	0	0	0	00000000|00000000	65540|1|0												
内容	10	4	3	41	37	0	0	0	0	00000000|00000000	65540|1|0	65539|12|0	4097|365|0	5213|1|0									
详情	10	5	1	410	26	48	37	0	0	00000000|00000000	65540|1|0	32|#FF383838|0	96|10|0	1111|#FFFFFFFF|0	65539|12|0	266249|9|0	266241|48|0	5213|2|0					
蒙板(双键对话框界面)	11	0	0	0	0	480	272	0	0	00000000|00000000	32|#FF000000|0	33|77|0											
左侧按钮	11	1	1	105	118	122	36	0	0	00000000|00000000	65540|0|0	32|#FF3C3E3B|0	32|#FF5B5B5B|0020	96|10|0	1111|#FFFFFFFF|0	1111|#FFFFFFFF|0020	65539|12|0	266249|7|0	266247|47|0	266241|70|0	5213|1|0	135177|7|0	135175|13|0
右侧按钮	11	2	1	253	118	122	36	0	0	00000000|00000000	65540|0|0	32|#FF3C3E3B|0	32|#FF5B5B5B|0020	96|10|0	1111|#FFFFFFFF|0	1111|#FFFFFFFF|0020	65539|12|0	266249|7|0	266247|54|0	266241|66|0	5213|1|0	135177|7|0	135175|22|0
蒙板(单条对话框界面)	12	0	0	0	0	480	272	0	0	00000000|00000000	32|#FF000000|0	33|77|0											
容器	12	1	1	114	118	252	36	0	0	00000002|00000000	65540|0|0	32|#FF3C3E3B|0	96|10|0	97|1|0									
内容	12	2	3	0	0	0	0	0	0	00000000|00000000	65540|0|0	65539|12|0	1111|#FFFFFFFF|0	4105|9|0	4097|252|0	5213|2|0							
蒙板(版本对话框界面)	13	0	0	0	0	480	272	0	0	00000000|00000000	32|#FF000000|0	33|51|0											
容器	13	1	1	133	14	214	244	0	0	00000002|00000000	65540|0|0	32|#FF383838|0	96|10|0	97|1|0									
标题	13	2	1	0	6	214	28	0	0	00000002|00000000	65540|1|0	33|0|0	65539|14|0	1111|#FF49AE35|0	266249|9|0	266241|214|0	5213|2|0	65538|59|0					
当前版本	13	3	3	12	35	0	0	0	0	00000000|00000000	65540|1|0	65539|12|0	1111|#FFFFFFFF|0										
最新版本	13	4	3	12	55	0	0	0	0	00000000|00000000	65540|1|0	65539|12|0	1111|#FFFFFFFF|0										
版本内容容器	13	5	0	12	75	190	115	0	0	00000000|00000000	65540|1|0	33|0|0											
版本内容内容	13	6	3	0	0	0	0	0	0	00000000|00000000	65540|5|0	65539|12|0	1111|#FFFFFFFF|0	4097|190|0									
功能按钮容器	13	7	0	0	188	212	56	0	0	00000002|00000000	65540|1|0	33|0|0											
不再提醒	13	8	1	11	11	60	34	0	0	00000000|00000000	65540|7|0	32|#FF4A4A4A|0	96|7|0	1111|#FFFFFFFF|0	65539|12|0	266249|9|0	266241|60|0	5213|2|0	65538|62|0				
取消	13	9	1	17	11	80	34	0	0	00000000|00000000	65540|7|0	32|#FF4A4A4A|0	96|7|0	1111|#FFFFFFFF|0	65539|12|0	266249|9|0	266241|60|0	5213|2|0	65538|31|0				
更新	13	10	1	117	11	80	34	0	0	00000000|00000000	65540|7|0	32|#FF49AE35|0	96|7|0	1111|#FFFFFFFF|0	65539|12|0	266249|9|0	266241|60|0	5213|2|0	65538|63|0				
更新中容器	13	11	1	0	185	212	60	0	0	00000002|00000000	65540|1|0	33|0|0	1111|#FFFFFFFF|0	65539|12|0	266247|12|0	266248|-32|0	266249|4|0	266241|195|0							
进度标签	13	12	3	0	0	0	0	0	0	00000000|00000000	65540|11|0	65539|12|0	1111|#FFFFFFFF|0	4105|3|0	4103|-11|0	4104|13|0							
进度滑块	13	13	5	12	35	190	10	0	0	00000002|00000000	65540|11|0	32|#FF4A4A4A|0	32|#FF49AE35|0x020000	96|5|0	96|5|0x020000								
按钮1(数字键盘界面)	14	0	1	0	0	74	46	0	0	00000000|00000000	32|#FF3C3E3B|0	32|#FF2A2A2A|0020	96|10|0	65539|14|0	1111|#FFFFFFFF|0	266249|9|0						
按钮2	14	1	1	86	0	74	46	0	0	00000000|00000000	32|#FF3C3E3B|0	32|#FF2A2A2A|0020	96|10|0	65539|14|0	1111|#FFFFFFFF|0	266249|9|0						
按钮3	14	2	1	172	0	74	46	0	0	00000000|00000000	32|#FF3C3E3B|0	32|#FF2A2A2A|0020	96|10|0	65539|14|0	1111|#FFFFFFFF|0	266249|9|0						
按钮4	14	3	1	0	58	74	46	0	0	00000000|00000000	32|#FF3C3E3B|0	32|#FF2A2A2A|0020	96|10|0	65539|14|0	1111|#FFFFFFFF|0	266249|9|0						
按钮5	14	4	1	86	58	74	46	0	0	00000000|00000000	32|#FF3C3E3B|0	32|#FF2A2A2A|0020	96|10|0	65539|14|0	1111|#FFFFFFFF|0	266249|9|0						
按钮6	14	5	1	172	58	74	46	0	0	00000000|00000000	32|#FF3C3E3B|0	32|#FF2A2A2A|0020	96|10|0	65539|14|0	1111|#FFFFFFFF|0	266249|9|0						
按钮7	14	6	1	0	116	74	46	0	0	00000000|00000000	32|#FF3C3E3B|0	32|#FF2A2A2A|0020	96|10|0	65539|14|0	1111|#FFFFFFFF|0	266249|9|0						
按钮8	14	7	1	86	116	74	46	0	0	00000000|00000000	32|#FF3C3E3B|0	32|#FF2A2A2A|0020	96|10|0	65539|14|0	1111|#FFFFFFFF|0	266249|9|0						
按钮9	14	8	1	172	116	74	46	0	0	00000000|00000000	32|#FF3C3E3B|0	32|#FF2A2A2A|0020	96|10|0	65539|14|0	1111|#FFFFFFFF|0	266249|9|0						
按钮0	14	9	1	0	174	74	46	0	0	00000000|00000000	32|#FF3C3E3B|0	32|#FF2A2A2A|0020	96|10|0	65539|14|0	1111|#FFFFFFFF|0	266249|9|0						
删除	14	10	1	86	174	74	46	0	0	00000000|00000000	32|#FF3C3E3B|0	32|#FF2A2A2A|0020	96|10|0	135177|9|0	65537|158|0							
确定	14	11	1	172	174	74	46	0	0	00000000|00000000	32|#FF3C3E3B|0	32|#FF2A2A2A|0020	96|10|0	65539|14|0	1111|#FFFFFFFF|0	266249|9|0						
字母键盘容器(全键盘界面)	15	0	1	10	6	390	175	0	0	00000000|00000000	33|0|0												
字母键盘第一行	15	1	1	0	0	32	38	0	0	00000000|00000000	32|#FF474747|0	32|#FF6A6A6A|0020	1111|#FFFFFFFF|0	96|4|0	65539|16|0	135177|9|0	266249|9|0	65540|0|0					
\t	15	2	1	39	0	32	38	0	0	00000000|00000000	32|#FF474747|0	32|#FF6A6A6A|0020	1111|#FFFFFFFF|0	96|4|0	65539|16|0	135177|9|0	266249|9|0	65540|0|0					
\t	15	3	1	78	0	32	38	0	0	00000000|00000000	32|#FF474747|0	32|#FF6A6A6A|0020	1111|#FFFFFFFF|0	96|4|0	65539|16|0	135177|9|0	266249|9|0	65540|0|0					
\t	15	4	1	117	0	32	38	0	0	00000000|00000000	32|#FF474747|0	32|#FF6A6A6A|0020	1111|#FFFFFFFF|0	96|4|0	65539|16|0	135177|9|0	266249|9|0	65540|0|0					
\t	15	5	1	156	0	32	38	0	0	00000000|00000000	32|#FF474747|0	32|#FF6A6A6A|0020	1111|#FFFFFFFF|0	96|4|0	65539|16|0	135177|9|0	266249|9|0	65540|0|0					
\t	15	6	1	194	0	32	38	0	0	00000000|00000000	32|#FF474747|0	32|#FF6A6A6A|0020	1111|#FFFFFFFF|0	96|4|0	65539|16|0	135177|9|0	266249|9|0	65540|0|0					
\t	15	7	1	233	0	32	38	0	0	00000000|00000000	32|#FF474747|0	32|#FF6A6A6A|0020	1111|#FFFFFFFF|0	96|4|0	65539|16|0	135177|9|0	266249|9|0	65540|0|0					
\t	15	8	1	272	0	32	38	0	0	00000000|00000000	32|#FF474747|0	32|#FF6A6A6A|0020	1111|#FFFFFFFF|0	96|4|0	65539|16|0	135177|9|0	266249|9|0	65540|0|0					
\t	15	9	1	311	0	32	38	0	0	00000000|00000000	32|#FF474747|0	32|#FF6A6A6A|0020	1111|#FFFFFFFF|0	96|4|0	65539|16|0	135177|9|0	266249|9|0	65540|0|0					
\t	15	10	1	350	0	32	38	0	0	00000000|00000000	32|#FF474747|0	32|#FF6A6A6A|0020	1111|#FFFFFFFF|0	96|4|0	65539|16|0	135177|9|0	266249|9|0	65540|0|0					
字母键盘第二行	15	11	1	16	43	32	38	0	0	00000000|00000000	32|#FF474747|0	32|#FF6A6A6A|0020	1111|#FFFFFFFF|0	96|4|0	65539|16|0	135177|9|0	266249|9|0	65540|0|0					
\t	15	12	1	55	43	32	38	0	0	00000000|00000000	32|#FF474747|0	32|#FF6A6A6A|0020	1111|#FFFFFFFF|0	96|4|0	65539|16|0	135177|9|0	266249|9|0	65540|0|0					
\t	15	13	1	94	43	32	38	0	0	00000000|00000000	32|#FF474747|0	32|#FF6A6A6A|0020	1111|#FFFFFFFF|0	96|4|0	65539|16|0	135177|9|0	266249|9|0	65540|0|0					
\t	15	14	1	133	43	32	38	0	0	00000000|00000000	32|#FF474747|0	32|#FF6A6A6A|0020	1111|#FFFFFFFF|0	96|4|0	65539|16|0	135177|9|0	266249|9|0	65540|0|0					
\t	15	15	1	172	43	32	38	0	0	00000000|00000000	32|#FF474747|0	32|#FF6A6A6A|0020	1111|#FFFFFFFF|0	96|4|0	65539|16|0	135177|9|0	266249|9|0	65540|0|0					
\t	15	16	1	211	43	32	38	0	0	00000000|00000000	32|#FF474747|0	32|#FF6A6A6A|0020	1111|#FFFFFFFF|0	96|4|0	65539|16|0	135177|9|0	266249|9|0	65540|0|0					
\t	15	17	1	250	43	32	38	0	0	00000000|00000000	32|#FF474747|0	32|#FF6A6A6A|0020	1111|#FFFFFFFF|0	96|4|0	65539|16|0	135177|9|0	266249|9|0	65540|0|0					
\t	15	18	1	289	43	32	38	0	0	00000000|00000000	32|#FF474747|0	32|#FF6A6A6A|0020	1111|#FFFFFFFF|0	96|4|0	65539|16|0	135177|9|0	266249|9|0	65540|0|0					
\t	15	19	1	328	43	32	38	0	0	00000000|00000000	32|#FF474747|0	32|#FF6A6A6A|0020	1111|#FFFFFFFF|0	96|4|0	65539|16|0	135177|9|0	266249|9|0	65540|0|0					
字母键盘第三行	15	20	1	0	86	48	38	0	0	00000000|00000000	32|#FF2D2D2D|0	32|#FF474747|0020	1111|#FFFFFFFF|0	96|4|0	65539|14|0	135177|9|0	266249|9|0	65540|0|0					
\t	15	21	1	55	86	32	38	0	0	00000000|00000000	32|#FF474747|0	32|#FF6A6A6A|0020	1111|#FFFFFFFF|0	96|4|0	65539|16|0	135177|9|0	266249|9|0	65540|0|0					
\t	15	22	1	94	86	32	38	0	0	00000000|00000000	32|#FF474747|0	32|#FF6A6A6A|0020	1111|#FFFFFFFF|0	96|4|0	65539|16|0	135177|9|0	266249|9|0	65540|0|0					
\t	15	23	1	133	86	32	38	0	0	00000000|00000000	32|#FF474747|0	32|#FF6A6A6A|0020	1111|#FFFFFFFF|0	96|4|0	65539|16|0	135177|9|0	266249|9|0	65540|0|0					
\t	15	24	1	172	86	32	38	0	0	00000000|00000000	32|#FF474747|0	32|#FF6A6A6A|0020	1111|#FFFFFFFF|0	96|4|0	65539|16|0	135177|9|0	266249|9|0	65540|0|0					
\t	15	25	1	211	86	32	38	0	0	00000000|00000000	32|#FF474747|0	32|#FF6A6A6A|0020	1111|#FFFFFFFF|0	96|4|0	65539|16|0	135177|9|0	266249|9|0	65540|0|0					
\t	15	26	1	250	86	32	38	0	0	00000000|00000000	32|#FF474747|0	32|#FF6A6A6A|0020	1111|#FFFFFFFF|0	96|4|0	65539|16|0	135177|9|0	266249|9|0	65540|0|0					
\t	15	27	1	289	86	32	38	0	0	00000000|00000000	32|#FF474747|0	32|#FF6A6A6A|0020	1111|#FFFFFFFF|0	96|4|0	65539|16|0	135177|9|0	266249|9|0	65540|0|0					
\t	15	28	1	328	86	54	38	0	0	00000000|00000000	32|#FF2D2D2D|0	32|#FF474747|0020	1111|#FFFFFFFF|0	96|4|0	65539|14|0	135177|9|0	266249|9|0	65540|0|0					
符号键盘容器	15	29	1	10	6	390	175	0	0	00000000|00000000	33|0|0												
符号键盘第一行	15	30	1	0	0	32	38	0	0	00000000|00000000	32|#FF474747|0	32|#FF6A6A6A|0020	1111|#FFFFFFFF|0	96|4|0	65539|16|0	135177|9|0	266249|9|0	65540|29|0					
\t	15	31	1	39	0	32	38	0	0	00000000|00000000	32|#FF474747|0	32|#FF6A6A6A|0020	1111|#FFFFFFFF|0	96|4|0	65539|16|0	135177|9|0	266249|9|0	65540|29|0					
\t	15	32	1	78	0	32	38	0	0	00000000|00000000	32|#FF474747|0	32|#FF6A6A6A|0020	1111|#FFFFFFFF|0	96|4|0	65539|16|0	135177|9|0	266249|9|0	65540|29|0					
\t	15	33	1	117	0	32	38	0	0	00000000|00000000	32|#FF474747|0	32|#FF6A6A6A|0020	1111|#FFFFFFFF|0	96|4|0	65539|16|0	135177|9|0	266249|9|0	65540|29|0					
\t	15	34	1	156	0	32	38	0	0	00000000|00000000	32|#FF474747|0	32|#FF6A6A6A|0020	1111|#FFFFFFFF|0	96|4|0	65539|16|0	135177|9|0	266249|9|0	65540|29|0					
\t	15	35	1	194	0	32	38	0	0	00000000|00000000	32|#FF474747|0	32|#FF6A6A6A|0020	1111|#FFFFFFFF|0	96|4|0	65539|16|0	135177|9|0	266249|9|0	65540|29|0					
\t	15	36	1	233	0	32	38	0	0	00000000|00000000	32|#FF474747|0	32|#FF6A6A6A|0020	1111|#FFFFFFFF|0	96|4|0	65539|16|0	135177|9|0	266249|9|0	65540|29|0					
\t	15	37	1	272	0	32	38	0	0	00000000|00000000	32|#FF474747|0	32|#FF6A6A6A|0020	1111|#FFFFFFFF|0	96|4|0	65539|16|0	135177|9|0	266249|9|0	65540|29|0					
\t	15	38	1	311	0	32	38	0	0	00000000|00000000	32|#FF474747|0	32|#FF6A6A6A|0020	1111|#FFFFFFFF|0	96|4|0	65539|16|0	135177|9|0	266249|9|0	65540|29|0					
\t	15	39	1	350	0	32	38	0	0	00000000|00000000	32|#FF474747|0	32|#FF6A6A6A|0020	1111|#FFFFFFFF|0	96|4|0	65539|16|0	135177|9|0	266249|9|0	65540|29|0					
符号键盘第二行	15	40	1	0	43	32	38	0	0	00000000|00000000	32|#FF474747|0	32|#FF6A6A6A|0020	1111|#FFFFFFFF|0	96|4|0	65539|16|0	135177|9|0	266249|9|0	65540|29|0					
\t	15	41	1	39	43	32	38	0	0	00000000|00000000	32|#FF474747|0	32|#FF6A6A6A|0020	1111|#FFFFFFFF|0	96|4|0	65539|16|0	135177|9|0	266249|9|0	65540|29|0					
\t	15	42	1	78	43	32	38	0	0	00000000|00000000	32|#FF474747|0	32|#FF6A6A6A|0020	1111|#FFFFFFFF|0	96|4|0	65539|16|0	135177|9|0	266249|9|0	65540|29|0					
\t	15	43	1	117	43	32	38	0	0	00000000|00000000	32|#FF474747|0	32|#FF6A6A6A|0020	1111|#FFFFFFFF|0	96|4|0	65539|16|0	135177|9|0	266249|9|0	65540|29|0					
\t	15	44	1	156	43	32	38	0	0	00000000|00000000	32|#FF474747|0	32|#FF6A6A6A|0020	1111|#FFFFFFFF|0	96|4|0	65539|16|0	135177|9|0	266249|9|0	65540|29|0					
\t	15	45	1	194	43	32	38	0	0	00000000|00000000	32|#FF474747|0	32|#FF6A6A6A|0020	1111|#FFFFFFFF|0	96|4|0	65539|16|0	135177|9|0	266249|9|0	65540|29|0					
\t	15	46	1	233	43	32	38	0	0	00000000|00000000	32|#FF474747|0	32|#FF6A6A6A|0020	1111|#FFFFFFFF|0	96|4|0	65539|16|0	135177|9|0	266249|9|0	65540|29|0					
\t	15	47	1	272	43	32	38	0	0	00000000|00000000	32|#FF474747|0	32|#FF6A6A6A|0020	1111|#FFFFFFFF|0	96|4|0	65539|16|0	135177|9|0	266249|9|0	65540|29|0					
\t	15	48	1	311	43	32	38	0	0	00000000|00000000	32|#FF474747|0	32|#FF6A6A6A|0020	1111|#FFFFFFFF|0	96|4|0	65539|16|0	135177|9|0	266249|9|0	65540|29|0					
\t	15	49	1	350	43	32	38	0	0	00000000|00000000	32|#FF474747|0	32|#FF6A6A6A|0020	1111|#FFFFFFFF|0	96|4|0	65539|16|0	135177|9|0	266249|9|0	65540|29|0					
符号键盘第三行	15	50	1	0	86	48	38	0	0	00000000|00000000	32|#FF2D2D2D|0	32|#FF474747|0020	1111|#FFFFFFFF|0	96|4|0	65539|14|0	135177|9|0	266249|9|0	65540|29|0					
\t	15	51	1	78	86	32	38	0	0	00000000|00000000	32|#FF474747|0	32|#FF6A6A6A|0020	1111|#FFFFFFFF|0	96|4|0	65539|16|0	135177|9|0	266249|9|0	65540|29|0					
\t	15	52	1	117	86	32	38	0	0	00000000|00000000	32|#FF474747|0	32|#FF6A6A6A|0020	1111|#FFFFFFFF|0	96|4|0	65539|16|0	135177|9|0	266249|9|0	65540|29|0					
\t	15	53	1	156	86	32	38	0	0	00000000|00000000	32|#FF474747|0	32|#FF6A6A6A|0020	1111|#FFFFFFFF|0	96|4|0	65539|16|0	135177|9|0	266249|9|0	65540|29|0					
\t	15	54	1	194	86	32	38	0	0	00000000|00000000	32|#FF474747|0	32|#FF6A6A6A|0020	1111|#FFFFFFFF|0	96|4|0	65539|16|0	135177|9|0	266249|9|0	65540|29|0					
\t	15	55	1	233	86	32	38	0	0	00000000|00000000	32|#FF474747|0	32|#FF6A6A6A|0020	1111|#FFFFFFFF|0	96|4|0	65539|16|0	135177|9|0	266249|9|0	65540|29|0					
\t	15	56	1	272	86	32	38	0	0	00000000|00000000	32|#FF474747|0	32|#FF6A6A6A|0020	1111|#FFFFFFFF|0	96|4|0	65539|16|0	135177|9|0	266249|9|0	65540|29|0					
\t	15	57	1	328	86	54	38	0	0	00000000|00000000	32|#FF2D2D2D|0	32|#FF474747|0020	1111|#FFFFFFFF|0	96|4|0	65539|14|0	135177|9|0	266249|9|0	65540|29|0					
键盘第四行	15	58	1	10	136	92	38	0	0	00000000|00000000	32|#FF2D2D2D|0	32|#FF474747|0020	1111|#FFFFFFFF|0	96|4|0	65539|14|0	135177|9|0	266249|9|0						
\t	15	59	1	109	136	180	38	0	0	00000000|00000000	32|#FF474747|0	32|#FF676666|0020	1111|#FFFFFFFF|0	96|4|0	65539|14|0	135177|9|0	266249|9|0						
\t	15	60	1	296	136	96	38	0	0	00000000|00000000	32|#FF2D2D2D|0	32|#FF474747|0020	1111|#FFFFFFFF|0	96|4|0	65539|14|0	135177|9|0	266249|9|0					
上边功能栏容器(设置界面)	16	0	1	56	0	424	32	0	0	00000002|00000000	33|0|0												
设置	16	1	1	10	5	96	27	0	0	00000000|00000000	65540|0|0	33|0|0	65539|12|0	266249|9|0	266241|96|0	5213|2|0	65538|18|0						
WLAN	16	2	1	114	5	96	27	0	0	00000000|00000000	65540|0|0	33|0|0	65539|12|0	266249|9|0	266241|96|0	5213|2|0	65538|19|0						
信息	16	3	1	215	5	96	27	0	0	00000000|00000000	65540|0|0	33|0|0	65539|12|0	266249|9|0	266241|96|0	5213|2|0	65538|20|0						
摄像头	16	4	1	317	5	96	27	0	0	00000000|00000000	65540|0|0	33|0|0	65539|12|0	266249|9|0	266241|96|0	5213|2|0	65538|21|0						
设置页容器	16	5	0	0	0	480	272	0	0	00000002|00000000	33|0|0												
网络页容器	16	6	0	0	0	480	272	0	0	00000002|00000000	33|0|0												
信息页容器	16	7	0	0	0	480	272	0	0	00000002|00000000	33|0|0												
摄像页容器	16	8	0	0	0	480	272	0	0	00000002|00000000	33|0|0												
设置列表	16	9	0	66	42	414	220	0	0	00000000|00000000	65540|5|0	33|0|0		
设置界面背景	16	10	0	0	0	404	416	0	0	00000002|00000000	65540|9|0	32|#FF1E1E20|0	96|10|0	97|1|0									
屏幕亮度	16	11	1	0	0	404	46	0	0	00000002|00000000	65540|9|0	32|#FF1E1E20|0	96|10|0	65539|12|0	1111|#FFFFFFFF|0	266249|7|0	266247|10|0	266241|240|0	5213|1|0	65538|68|0				
减加容器	16	12	1	269	9	120	28	0	0	00000002|00000000	65540|11|0	33|0|0								
减	16	13	1	0	0	60	28	0	0	00000000|00000000	65540|12|0	33|0|0	135177|9|0	65537|220|0020									
加	16	14	1	60	0	60	28	0	0	00000000|00000000	65540|12|0	33|0|0	135177|9|0	65537|223|0020									
息屏	16	15	1	0	46	404	42	0	0	00000002|00000000	65540|9|0	32|#FF1E1E20|0	65539|12|0	1111|#FFFFFFFF|0	266249|7|0	266247|10|0	266241|240|0	5213|1|0	65538|69|0				
当前息屏时间	16	16	1	246	8	140	26	0	0	00000000|00000000	65540|15|0	32|#FF2F302F|0	4146|1|0	48|#FF888888|0	65539|12|0	1111|#FFFFFFFF|0	266249|7|0	266247|7|0	266241|110|0	5213|1|0	135177|8|0	135175|-8|0	
时间选择容器	16	17	1	246	80	140	81	0	0	00000002|00000000	65540|9|0	33|0|0	96|3|0	97|1|0									
5分钟	16	18	1	0	3	140	26	0	0	00000000|00000000	65540|17|0	65539|10|0	1111|#FFFFFFFF|0	266249|7|0	266247|7|0	135177|8|0	135175|-7|0	65537|126|0						
15分钟	16	19	1	0	29	140	26	0	0	00000000|00000000	65540|17|0	65539|10|0	1111|#FFFFFFFF|0	266249|7|0	266247|7|0	135177|8|0	135175|-7|0	65537|126|0						
常亮	16	20	1	0	55	140	26	0	0	00000000|00000000	65540|17|0	65539|10|0	1111|#FFFFFFFF|0	266249|7|0	266247|7|0	135177|8|0	135175|-7|0	65537|126|0						
语言选择	16	21	1	5	92	394	28	0	0	00000000|00000000	65540|9|0	96|10|0	32|#FF1E1E20|0	32|#FF353535|0020	65539|12|0	1111|#FFFFFFFF|0	266249|7|0	266247|5|0	266241|240|0	5213|1|0	65538|67|0				
语言	16	22	1	299	0	95	28	0	0	00000002|00000000	65540|21|0	33|0|0	65539|12|0	1111|#FFFFFFFF|0	266249|8|0	266247|-23|0	135177|8|0	135175|-13|0	65537|121|0				
线条	16	23	0	10	124	382	1	0	0	00000002|00000000	65540|9|0	32|#FF333337|0											
Z轴偏移	16	24	1	5	128	394	28	0	0	00000000|00000000	65540|9|0	96|10|0	32|#FF1E1E20|0	32|#FF353535|0020	65539|12|0	1111|#FFFFFFFF|0	266249|7|0	266247|5|0	266241|240|0	5213|1|0	65538|281|0				
入口	16	25	1	299	0	95	28	0	0	00000002|00000000	65540|24|0	33|0|0	65539|12|0	1111|#FFFFFFFF|0	266249|8|0	266247|-23|0	135177|8|0	135175|-13|0	65537|121|0				
线条	16	26	0	10	160	382	1	0	0	00000002|00000000	65540|9|0	32|#FF333337|0											
日志导出	16	27	1	5	164	394	28	0	0	00000000|00000000	65540|9|0	96|10|0	32|#FF1E1E20|0	32|#FF353535|0020	65539|12|0	1111|#FFFFFFFF|0	266249|7|0	266247|5|0	266241|240|0	5213|1|0	65538|77|0				
入口	16	28	1	299	0	95	28	0	0	00000002|00000000	65540|27|0	33|0|0	65539|12|0	1111|#FFFFFFFF|0	266249|8|0	266247|-23|0	135177|8|0	135175|-13|0	65537|121|0				
线条	16	29	0	10	196	382	1	0	0	00000002|00000000	65540|9|0	32|#FF333337|0											
时区设置	16	30	1	5	200	394	28	0	0	00000000|00000000	65540|9|0	96|10|0	32|#FF1E1E20|0	32|#FF353535|0020	65539|12|0	1111|#FFFFFFFF|0	266249|7|0	266247|5|0	266241|240|0	5213|1|0	65538|78|0				
入口	16	31	1	299	0	95	28	0	0	00000002|00000000	65540|30|0	33|0|0	65539|12|0	1111|#FFFFFFFF|0	266249|8|0	266247|-23|0	135177|8|0	135175|-13|0	65537|121|0				
线条	16	32	0	10	268	382	1	0	0	00000002|00000000	65540|9|0	32|#FF333337|0											
检测更新	16	33	1	5	272	394	28	0	0	00000000|00000000	65540|9|0	96|10|0	32|#FF1E1E20|0	32|#FF353535|0020	65539|12|0	1111|#FFFFFFFF|0	135177|8|0	135175|-13|0	266249|7|0	266247|5|0	266241|240|0	5213|1|0	65537|121|0	65538|79|0	
版本	16	34	1	296	0	95	28	0	0	00000002|00000000	65540|33|0	33|0|0	65539|12|0	1111|#FFFFFFFF|0	266249|8|0	266247|-31|0	135177|3|0	135175|-23|0	135176|11|0	65537|133|0			
线条	16	35	0	10	304	382	1	0	0	00000002|00000000	65540|9|0	32|#FF333337|0	97|1|0											
恢复出厂设置	16	36	1	5	308	394	28	0	0	00000000|00000000	65540|9|0	96|10|0	32|#FF1E1E20|0	32|#FF353535|0020	65539|12|0	1111|#FFFFFFFF|0	266249|7|0	266247|5|0	266241|240|0	5213|1|0	65538|80|0				
入口	16	37	1	299	0	95	28	0	0	00000002|00000000	65540|36|0	33|0|0	65539|12|0	1111|#FFFFFFFF|0	266249|8|0	266247|-23|0	135177|8|0	135175|-13|0	65537|121|0				
线条	16	38	0	10	340	382	1	0	0	00000002|00000000	65540|9|0	32|#FF333337|0	97|1|0											
断电续打	16	39	1	5	344	394	28	0	0	00000000|00000000	65540|9|0	96|10|0	32|#FF1E1E20|0	32|#FF353535|0020	65539|12|0	1111|#FFFFFFFF|0	266249|7|0	266247|5|0	266241|240|0	5213|1|0	65538|76|0				
开关	16	40	1	299	0	95	28	0	0	00000002|00000000	65540|39|0	33|0|0	65539|12|0	1111|#FFFFFFFF|0	266249|8|0	266247|-23|0	135177|8|0	135175|-13|0					
线条	16	41	0	10	376	382	1	0	0	00000002|00000000	65540|9|0	32|#FF333337|0	97|1|0											
断料检测	16	42	1	5	380	394	28	0	0	00000000|00000000	65540|9|0	96|10|0	32|#FF1E1E20|0	32|#FF353535|0020	65539|12|0	1111|#FFFFFFFF|0	266249|7|0	266247|5|0	266241|240|0	5213|1|0	65538|73|0				
开关	16	43	1	299	0	95	28	0	0	00000002|00000000	65540|42|0	33|0|0	65539|12|0	1111|#FFFFFFFF|0	266249|8|0	266247|-23|0	135177|8|0	135175|-13|0					
灯光页容器	16	44	0	0	0	480	272	0	0	00000002|00000000	33|0|0												
时区页容器	16	45	1	0	0	480	272	0	0	00000002|00000000	33|0|0												
Z轴偏移容器	16	46	0	0	0	480	272	0	0	00000000|00000000	1111|#FF000000|0	33|77|0												
息屏蒙板	16	47	0	0	0	480	272	0	0	00000000|00000000	32|#FF000000|0	33|77|0
线条	16	48	0	10	232	382	1	0	0	00000002|00000000	65540|9|0	32|#FF333337|0	97|1|0											
打印平台选项	16	49	1	5	236	394	28	0	0	00000000|00000000	65540|9|0	96|10|0	32|#FF1E1E20|0	32|#FF353535|0020	65539|12|0	1111|#FFFFFFFF|0	266249|7|0	266247|5|0	266241|240|0	5213|1|0	65538|329|0				
入口	16	50	1	299	0	95	28	0	0	00000002|00000000	65540|49|0	33|0|0	65539|12|0	1111|#FFFFFFFF|0	266249|8|0	266247|-23|0	135177|8|0	135175|-13|0	65537|121|0				
自动调平入口(校准界面)	17	0	1	66	42	198	92	0	0	00000000|00000000	32|#FF1E1E20|0	96|10|0
自动调平	17	1	1	0	0	198	34	0	0	00000002|00000000	65540|0|0	33|0|0	65539|14|0	1111|#FFFFFFFF|0	266247|10|0	266249|7|0	266241|156|0	5213|1|0	135175|173|0	135177|7|0	65537|214|0	65538|81|0
自动调平内容	17	2	3	10	34	0	0	0	0	00000002|00000000	65540|0|0	65539|10|0	1111|#FFD0D0D0|0	4097|177|0	5213|1|0	65538|187|0							
PID检测入口	17	3	1	274	42	198	92	0	0	00000000|00000000	32|#FF1E1E20|0	96|10|0
PID检测	17	4	1	0	0	198	34	0	0	00000002|00000000	65540|3|0	33|0|0	96|10|0	65539|14|0	1111|#FFFFFFFF|0	266247|10|0	266249|7|0	266241|156|0	5213|1|0	135175|173|0	135177|7|0	65537|214|0	65538|82|0
PID检测内容	17	5	3	10	34	0	0	0	0	00000002|00000000	65540|3|0	65539|10|0	1111|#FFD0D0D0|0	4097|177|0	5213|1|0	65538|188|0							
振纹优化入口	17	6	1	66	144	198	92	0	0	00000000|00000000	32|#FF1E1E20|0	96|10|0
振纹优化	17	7	1	0	0	198	34	0	0	00000002|00000000	65540|6|0	33|0|0	96|10|0	65539|14|0	1111|#FFFFFFFF|0	266247|10|0	266249|7|0	266241|156|0	5213|1|0	135175|173|0	135177|7|0	65537|214|0	65538|83|0
振纹优化内容	17	8	3	10	34	0	0	0	0	00000002|00000000	65540|6|0	65539|10|0	1111|#FFD0D0D0|0	4097|177|0	5213|1|0	65538|189|0							
一键自检入口	17	9	1	274	144	198	92	0	0	00000000|00000000	32|#FF1E1E20|0	96|10|0
一键自检	17	10	1	0	0	198	34	0	0	00000002|00000000	65540|9|0	33|0|0	65539|14|0	1111|#FFFFFFFF|0	266247|10|0	266249|7|0	266241|156|0	5213|1|0	135175|173|0	135177|7|0	65537|214|0	65538|84|0
一键自检内容	17	11	3	10	34	0	0	0	0	00000002|00000000	65540|9|0	65539|10|0	1111|#FFD0D0D0|0	4097|177|0	5213|1|0	65538|85|0							
容器	17	12	0	66	10	406	252	0	0	00000000|00000000	32|#FF242427|0	96|6|0											
A面容器	17	13	1	11	10	186	193	0	0	00000000|00000000	65540|12|0	33|0|0	96|6|0				
A面图片	17	14	1	0	0	186	158	0	0	00000002|00000000	65540|13|0	33|0|0	135177|2|0	65537|266|0				
A面文字	17	15	1	0	158	186	34	0	0	00000002|00000000	65540|13|0	33|0|0	65539|12|0	1111|#FFFFFFFF|0	266249|9|0	266241|180|0	5213|2|0	65538|330|0	65539|12|0		
B面容器	17	16	1	207	10	186	193	0	0	00000000|00000000	65540|12|0	33|0|0	96|6|0
B面图片	17	17	1	0	0	186	158	0	0	00000002|00000000	65540|16|0	33|0|0	135177|2|0	65537|267|0				
B面文字	17	18	1	0	158	186	34	0	0	0000002|00000000	65540|16|0	33|0|0	65539|12|0	1111|#FFFFFFFF|0	266249|9|0	266241|180|0	5213|2|0	65538|331|0	65539|12|0		
选择	17	19	1	0	202	207	50	0	0	00000002|00000000	65540|12|0	33|0|0	1111|#FFD0D0D0|0	65539|12|0	266249|9|0	266241|205|0	5213|2|0	65538|336|0				
取消	17	20	1	207	210	88	32	0	0	00000000|00000000	65540|12|0	32|#FF2F302F|0	96|6|0	1111|#FFFFFFFF|0	65539|12|0	266249|9|0	266241|88|0	5213|2|0	65538|31|0				
确定	17	21	1	304	210	88	32	0	0	00000000|00000000	65540|12|0	32|#FF49AE35|0	96|6|0	1111|#FFFFFFFF|0	65539|12|0	266249|9|0	266241|88|0	5213|2|0	65538|49|0				
背景(自动调平界面)	18	0	1	0	0	480	272	0	0	00000000|00000000	33|0|0	135177|9|0	65537|212|0											
容器	18	1	1	10	10	460	252	0	0	00000002|00000000	65540|0|0	32|#FF1E1E20|0	96|10|0											
喷头温度	18	2	1	0	172	111	26	0	0	00000002|00000000	65540|1|0	33|0|0	65539|12|0	1111|#FFFFFFFF|0	266247|41|0	266249|7|0	135175|14|0	135177|7|0	65537|48|0				
热床温度	18	3	1	0	211	111	26	0	0	00000002|00000000	65540|1|0	33|0|0	65539|12|0	1111|#FFFFFFFF|0	266247|41|0	266249|7|0	135175|14|0	135177|7|0	65537|49|0				
停止	18	4	1	368	210	70	34	0	0	00000000|00000000	65540|1|0	32|#FF383837|0	96|10|0	65539|12|0	1111|#FFFFFFFF|0	266249|9|0	266241|70|0	5213|2|0				
状态标签	18	5	3	0	-18	0	0	0	0	00000000|00000000	65540|1|0	65542|4|0	65539|12|0	1111|#FFFFFFFF|0	4097|100|0	5213|2|0							
步骤容器	18	6	0	111	7	245	245	0	0	00000000|00000000	65540|1|0	33|0|0											
新UI容器	18	7	1	0	0	480	272	0	0	00000002|00000000	33|0|0	135175|0|0	135176|0|0	65537|264|0											
校准	18	8	1	12	5	106	27	0	0	00000002|00000000	65540|7|0	33|0|0	65539|12|0	1111|#FFFFFFFF|0	266249|9|0	266241|106|0	5213|2|0	65538|22|0											
容器	18	9	1	12	42	458	220	0	0	00000002|00000000	65540|7|0	32|#FF1E1E20|0	96|10|0	65539|12|0	1111|#FFFFFFFF|0	266247|20|0	266248|20|0	135175|270|0	135176|28|0	65538|81|0										
时间	18	10	3	20	40	0	0	0	0	00000000|00000000	65540|9|0	65539|12|0	1111|#FF49AE35|0							
说明	18	11	3	20	60	0	0	0	0	00000000|00000000	65540|9|0	65539|12|0	1111|#FFFFFFFF|0	4097|220|0	65538|326|0							
进度滑块	18	12	5	20	199	418	11	0	0	00000002|00000000	65540|9|0	32|#FF2F302F|0	32|#FF49AE35|0x020000	96|0|0	96|0|0x020000								
项(自动调平列表项界面)	19	0	1	0	0	34	34	0	0	00000002|00000000	96|10|0	65539|14|0	1111|#FFFFFFFF|0	266249|9|0										
容器(一键自检界面)	20	0	1	66	42	404	230	0	0	00000002|00000000	32|#FF1E1E20|0	96|10|0	135175|0|0	135176|0|0			
禁点图标	20	1	2	337	0 	0	0	0	0	00000002|00000000	65540|0|0	65537|135|0											
全选	20	2	1	124	8	94	24	0	0	00000000|00000000	65540|0|0	33|0|0	65539|12|0	1111|#FFFFFFFF|0	266247|26|0	266249|7|0	266241|68|0	5213|1|0	135175|0|0	135177|7|0	65538|91|0		
振纹优化项	20	3	0	14	39	180	24	0	0	00000002|00000000	65540|0|0	33|0|0											
喷头PID校准项	20	4	0	14	76	180	24	0	0	00000002|00000000	65540|0|0	33|0|0											
自动调平项	20	5	0	14	113	180	24	0	0	00000002|00000000	65540|0|0	33|0|0											
振纹优化选中	20	6	1	0	0	24	24	0	0	00000000|00000000	65540|3|0	33|0|0	135177|9|0										
喷头PID校准选中	20	7	1	0	0	24	24	0	0	00000000|00000000	65540|4|0	33|0|0	135177|9|0										
自动调平选中	20	8	1	0	0	24	24	0	0	00000000|00000000	65540|5|0	33|0|0	135177|9|0										
振纹优化信息	20	9	1	26	0	150	24	0	0	00000002|00000000	65540|3|0	33|0|0	65539|12|0	266247|26|0	266249|7|0	266241|120|0	5213|1|0	135175|0|0	135177|7|0	65538|83|0	
喷头PID校准信息	20	10	1	26	0	150	24	0	0	00000002|00000000	65540|4|0	33|0|0	65539|12|0	266247|26|0	266249|7|0	266241|120|0	5213|1|0	135175|0|0	135177|7|0	65538|92|0	
自动调平信息	20	11	1	26	0	150	24	0	0	00000002|00000000	65540|5|0	33|0|0	65539|12|0	266247|26|0	266249|7|0	266241|120|0	5213|1|0	135175|0|0	135177|7|0	65538|81|0	
返回	20	12	1	14	151	60	34	0	0	00000000|00000000	65540|0|0	32|#FF383837|0	96|10|0	65539|12|0	1111|#FFFFFFFF|0	266249|9|0	266241|60|0	5213|2|0	65538|46|0			
自检	20	13	1	86	151	70	34	0	0	00000000|00000000	65540|0|0	32|#FF383837|0	96|10|0	65539|12|0	1111|#FFFFFFFF|0	266249|9|0	266241|70|0	5213|2|0				
禁点侧边栏	20	14	1	0	0 	56	272	0	0	00000000|00000000	33|0|0										
检测选项	20	15	1	0	0 	124	40	0	0	00000002|00000000	65540|0|0	33|0|0	96|10|0	65539|12|0	1111|#FF49AE35|0	266247|14|0	266249|7|0	266241|100|0	65538|90|0									
PID设置温度容器(PID检测/振纹优化界面)	21	0	1	66	42	404	220	0	0	00000002|00000000	32|#FF1E1E20|0	96|10|0											
检测中背景	21	1	1	0	0	480	272	0	0	00000000|00000000	33|0|0	135177|9|0	65537|212|0											
检测中容器	21	2	1	10	10	460	252	0	0	00000002|00000000	65540|1|0	32|#FF1E1E20|0	96|10|0	135176|0|0	135177|2|0	65537|144|0								
温度1	21	3	1	36	23	68	34	0	0	00000000|00000000	65540|0|0	32|#FF383837|0	96|10|0	65539|12|0	1111|#FFFFFFFF|0	266249|9|0	266241|68|0	5213|2|0				
温度2	21	4	1	124	23	68	34	0	0	00000000|00000000	65540|0|0	32|#FF383837|0	96|10|0	65539|12|0	1111|#FFFFFFFF|0	266249|9|0	266241|68|0	5213|2|0				
温度3	21	5	1	213	23	68	34	0	0	00000000|00000000	65540|0|0	32|#FF383837|0	96|10|0	65539|12|0	1111|#FFFFFFFF|0	266249|9|0	266241|68|0	5213|2|0				
温度4	21	6	1	301	23	68	34	0	0	00000000|00000000	65540|0|0	32|#FF383837|0	96|10|0	65539|12|0	1111|#FFFFFFFF|0	266249|9|0	266241|68|0	5213|2|0				
内容	21	7	1	0	57	404	38	0	0	00000002|00000000	65540|0|0	33|0|0	65539|524|0	1111|#FFFFFFFF|0	266249|9|0	266241|404|0	5213|2|0	65538|95|0					
减	21	8	1	126	96	32	32	0	0	00000000|00000000	65540|0|0	32|#FF383837|0	96|6|0	135177|9|0	65537|145|0							
目标温度	21	9	1	169	96	66	32	0	0	00000002|00000000	65540|0|0	32|#FF383837|0	96|6|0	65539|12|0	1111|#FFFFFFFF|0	266249|9|0	266241|96|0	5213|2|0				
加	21	10	1	247	96	32	32	0	0	00000000|00000000	65540|0|0	32|#FF383837|0	96|6|0	135177|9|0	65537|146|0							
当前温度	21	11	1	126	128	154	46	0	0	00000002|00000000	65540|0|0	33|0|0	65539|12|0	1111|#FFFFFFFF|0	266249|7|0	266247|58|0	5213|1|0	135175|29|0	135177|7|0	65537|13|0		
开始检测	21	12	1	166	174	72	34	0	0	00000000|00000000	65540|0|0	32|#FF383837|0	96|10|0	65539|12|0	1111|#FFFFFFFF|0	266249|9|0	266241|72|0	5213|2|0	65538|96|0			
检测项信息	21	13	1	0	0	404	56	0	0	00000002|00000000	65540|2|0	33|0|0	65539|14|0	1111|#FFFFFFFF|0	266249|7|0	266247|41|0	266241|680|0	5213|1|0	135175|13|0	135177|7|0			
检测阶段图标	21	14	2	125	115	0	0	0	0	00000002|00000000	65540|2|0												
阶段1	21	15	1	74	102	102	80	0	0	00000002|00000000	65540|2|0	33|0|0	65539|12|0	1111|#FFFFFFFF|0	266249|2|0	266248|36|0	266241|102|0	5213|2|0	135177|2|0	135176|0|0			
阶段2	21	16	1	180	102	102	80	0	0	00000002|00000000	65540|2|0	33|0|0	65539|12|0	1111|#FFFFFFFF|0	266249|2|0	266248|36|0	266241|102|0	5213|2|0	135177|2|0	135176|0|0			
阶段3	21	17	1	292	102	102	80	0	0	00000002|00000000	65540|2|0	33|0|0	65539|12|0	1111|#FFFFFFFF|0	266249|2|0	266248|36|0	266241|102|0	5213|2|0	135177|2|0	135176|0|0			
检测状态	21	18	1	362	208	88	34	0	0	00000000|00000000	65540|2|0	32|#FF383837|0	96|10|0	65539|12|0	1111|#FFFFFFFF|0	266249|9|0	266241|88|0	5213|2|0				
PID设置返回	21	19	1	324	174	72	34	0	0	00000000|00000000	65540|0|0	32|#FF383837|0	96|10|0	65539|12|0	1111|#FFFFFFFF|0	266249|9|0	266241|72|0	5213|2|0	65538|46|0			
灯光容器(灯光界面/语言界面)	22	0	1	66	42	404	220	0	0	00000002|00000000	32|#FF1E1E20|0	96|10|0	97|1|0											
语言容器	22	1	1	66	42	404	220	0	0	00000002|00000000	32|#FF1E1E20|0	96|10|0	97|1|0											
模型灯	22	2	1	0	0	404	36	0	0	00000002|00000000	65540|0|0	32|#FF1E1E20|0	65539|12|0	1111|#FFFFFFFF|0	266249|7|0	266247|10|0	266241|240|0	5213|1|0	65538|114|0				
开关	22	3	1	304	0	100	36	0	0	00000000|00000000	65540|2|0	33|0|0	65539|12|0	1111|#FFFFFFFF|0	266249|8|0	266247|-23|0	135177|8|0	135175|-13|0					
照明灯	22	4	1	0	36	404	36	0	0	00000002|00000000	65540|0|0	32|#FF1E1E20|0	65539|12|0	1111|#FFFFFFFF|0	266249|7|0	266247|10|0	266241|240|0	5213|1|0	65538|115|0				
开关	22	5	1	304	0	100	36	0	0	00000000|00000000	65540|4|0	33|0|0	65539|12|0	1111|#FFFFFFFF|0	266249|8|0	266247|-23|0	135177|8|0	135175|-13|0					
灯光返回	22	6	1	324	176	70	34	0	0	00000000|00000000	65540|0|0	32|#FF383837|0	96|10|0	65539|12|0	1111|#FFFFFFFF|0	266249|9|0	266241|70|0	5213|2|0	65538|46|0			
语言列表	22	7	0	9	1	395	195	0	0	00000002|00000000	65540|1|0	33|0|0											
语言返回	22	8	1	321	179	72	34	0	0	00000000|00000000	65540|1|0	32|#FF383837|0	96|10|0	65539|12|0	1111|#FFFFFFFF|0	266249|9|0	266241|70|0	5213|2|0	65538|46|0			
容器(语言列表项界面)	23	0	0	0	0	131	48	0	0	00000002|00000000	33|0|0												
语言信息	23	1	1	0	9	122	39	0	0	00000000|00000000	65540|0|0	96|10|0	4146|1|0	65539|12|0	1111|#FFFFFFFF|0	266249|9|0	266241|122|0	5213|2|0	135177|2|0	135178|16|0
语言选中	23	2	2	111	0	0	0	0	0	00000000|00000000	65540|0|0	33|0|0	65537|162|0										
容器(语言界面)	24	0	1	0	0	480	272	0	0	00000000|00000000	33|0|0	65539|14|0	1111|#FFFFFFFF|0	266249|2|0	266248|13|0	65537|161|0	65538|67|0						
语言列表	24	1	0	26	32	437	187	0	0	00000002|00000000	65540|0|0	33|0|0											
语言确定	24	2	1	204	229	72	34	0	0	00000000|00000000	65540|0|0	32|#FF1E1E20|0	32|#FF49AE35|0020	96|6|0	65539|12|0	1111|#FFFFFFFF|0	266249|9|0	266241|88|0	5213|2|0	65538|45|0			
容器(设备自检界面)	25	0	1	0	0	480	272	0	0	00000000|00000000	33|0|0	65537|161|0											
第一页容器	25	1	0	0	0	480	272	0	0	00000002|00000000	33|0|0												
第二页容器	25	2	1	0	0	480	272	0	0	00000002|00000000	33|0|0	1111|#FFFFFFFF|0	65539|14|0	266249|2|0	266248|13|0	266241|480|0	5213|2|0	65538|119|0					
第三页容器	25	3	1	0	0	480	272	0	0	00000002|00000000	33|0|0	1111|#FFFFFFFF|0	65539|14|0	266249|2|0	266248|13|0	266241|480|0	5213|2|0	65538|119|0					
欢迎容器	25	4	1	0	0	480	272	0	0	00000002|00000000	65540|1|0	33|0|0	65539|528|0	1111|#FF49AE35|0	266249|2|0	266248|12|0	266241|480|0	5213|2|0	135177|2|0	135176|67|0	65538|116|0	
欢迎内容	25	5	1	0	25	480	42	0	0	00000002|00000000	65540|1|0	33|0|0	65539|14|0	1111|#FFFFFFFF|0	266249|9|0	266241|480|0	5213|2|0	65538|117|0					
欢迎上一步	25	6	1	133	229	88	32	0	0	00000000|00000000	65540|1|0	32|#FF1E1E20|0	96|6|0	1111|#FFFFFFFF|0	65539|12|0	266249|9|0	266241|88|0	5213|2|0	65538|118|0				
欢迎确定	25	7	1	260	229	88	32	0	0	00000000|00000000	65540|1|0	32|#FF49AE35|0	96|6|0	1111|#FFFFFFFF|0	65539|12|0	266249|9|0	266241|88|0	5213|2|0	65538|45|0				
第二页图	25	8	2	12	35	0	0	0	0	00000000|00000000	65540|2|0												
提示容器	25	9	1	194	36	274	183	0	0	00000002|00000000	65540|2|0	32|#FF1E1E20|0	96|10|0	65539|12|0	1111|#FF49AE35|0	266247|15|0	266248|11|0	266241|250|0	5213|1|0	65538|120|0			
提示内容	25	10	3	15	36	0	0	0	0	00000000|00000000	65540|9|0	65539|11|0	1111|#FFFFFFFF|0	4097|254|0	5213|1|0	65538|121|0							
第二页上一步	25	11	1	141	229	72	32	0	0	00000000|00000000	65540|2|0	32|#FF1E1E20|0	96|6|0	1111|#FFFFFFFF|0	65539|12|0	266249|9|0	266241|72|0	5213|2|0	65538|118|0				
开始自检	25	12	1	268	229	72	32	0	0	00000000|00000000	65540|2|0	32|#FF49AE35|0	96|6|0	1111|#FFFFFFFF|0	65539|12|0	266249|9|0	266241|72|0	5213|2|0	65538|122|0				
第三页图	25	13	1	12	36	170	226	0	0	00000002|00000000	65540|3|0	32|#FF1E1E20|0	96|10|0	97|1|0	65539|12|0				
检测容器	25	14	1	194	36	274	226	0	0	00000002|00000000	65540|3|0	32|#FF1E1E20|0	96|10|0	97|1|0									
喷嘴加热容器	25	15	1	0	5	274	36	0	0	00000002|00000000	65540|14|0	33|0|0	65539|11|0	266249|7|0	266247|15|0	266241|165|0	5213|1|0	65538|124|0					
喷嘴加热结果	25	16	1	184	0	73	36	0	0	00000002|00000000	65540|15|0	33|0|0	65539|11|0	266249|8|0	266247|-0|0	266241|94|0	5213|3|0	135177|8|0	135175|-0|0	65537|180|0			
热床加热容器	25	17	1	0	41	274	36	0	0	00000002|00000000	65540|14|0	33|0|0	65539|11|0	266249|7|0	266247|15|0	266241|165|0	5213|1|0	65538|125|0					
热床加热结果	25	18	1	184	0	73	36	0	0	00000002|00000000	65540|17|0	33|0|0	65539|11|0	266249|8|0	266247|-0|0	266241|94|0	5213|3|0	135177|8|0	135175|-0|0	65537|180|0			
喉管风扇容器	25	19	1	0	77	274	36	0	0	00000002|00000000	65540|14|0	33|0|0	65539|11|0	266249|7|0	266247|15|0	266241|165|0	5213|1|0	65538|126|0					
喉管风扇结果	25	20	1	184	0	73	36	0	0	00000002|00000000	65540|19|0	33|0|0	65539|11|0	266249|8|0	266247|-0|0	266241|94|0	5213|3|0	135177|8|0	135175|-0|0	65537|180|0			
主板风扇容器	25	21	1	0	113	274	36	0	0	00000002|00000000	65540|14|0	33|0|0	65539|11|0	266249|7|0	266247|15|0	266241|165|0	5213|1|0	65538|127|0					
主板风扇结果	25	22	1	184	0	73	36	0	0	00000002|00000000	65540|21|0	33|0|0	65539|11|0	266249|8|0	266247|-0|0	266241|94|0	5213|3|0	135177|8|0	135175|-0|0	65537|180|0			
振纹优化容器	25	23	1	0	149	274	36	0	0	00000002|00000000	65540|14|0	33|0|0	65539|11|0	266249|7|0	266247|15|0	266241|165|0	5213|1|0	65538|128|0					
振纹优化结果	25	24	1	184	0	73	36	0	0	00000002|00000000	65540|23|0	33|0|0	65539|11|0	266249|8|0	266247|-0|0	266241|94|0	5213|3|0	135177|8|0	135175|-0|0	65537|180|0			
自动调平容器	25	25	1	0	185	274	36	0	0	00000002|00000000	65540|14|0	33|0|0	65539|11|0	266249|7|0	266247|15|0	266241|165|0	5213|1|0	65538|129|0					
自动调平结果	25	26	1	184	0	73	36	0	0	00000002|00000000	65540|25|0	33|0|0	65539|11|0	266249|8|0	266247|-0|0	266241|94|0	5213|3|0	135177|8|0	135175|-0|0	65537|180|0			
第四页容器	25	27	1	10	10	460	252	0	0	00000002|00000000	32|#FF1E1E20|0	96|10|0	135175|31|0	135176|0|0														
提示	25	28	1	245	146	196	60	0	0	00000002|00000000	65540|27|0	33|0|0	65539|14|0	1111|#FFFFFFFF|0	266249|9|0	266241|196|0	5213|2|0	65538|228|0			
第四页上一步	25	29	1	122	210	88	32	0	0	00000000|00000000	65540|27|0	32|#FF2F302F|0	96|6|0	1111|#FFFFFFFF|0	65539|12|0	266249|9|0	266241|88|0	5213|2|0	65538|118|0				
第四页确定	25	30	1	249	210	88	32	0	0	00000000|00000000	65540|27|0	32|#FF49AE35|0	96|6|0	1111|#FFFFFFFF|0	65539|12|0	266249|9|0	266241|88|0	5213|2|0	65538|45|0				
自检中请勿触碰	25	31	1	0	0	170	50	0	0	00000002|00000000	65540|13|0	33|0|0	1111|#FFFDE200|0	65539|12|0	266249|9|0	266241|160|0	5213|2|0	65538|123|0			
容器(信息界面)	26	0	0	66	42	404	220	0	0	00000002|00000000	32|#FF1E1E20|0	96|10|0											
左容器	26	1	1	10	10	199	200	0	0	00000002|00000000	65540|0|0	33|0|0	96|10|0	97|1|0	65537|185|0										
右容器	26	2	1	221	10	173	200	0	0	00000002|00000000	65540|0|0	32|#FF2F302F|0	96|10|0	135177|2|0	135176|0|0							
设备容器	26	3	1	0	0	199	36	0	0	00000002|00000000	65540|1|0	33|0|0	65539|12|0	1111|#FFFFFFFF|0	266249|7|0	266247|8|0	266241|95|0	5213|1|0	65538|134|0				
设备内容	26	4	3	0	0	0	0	0	0	00000000|00000000	65540|3|0	65539|10|0	1111|#FFC8C8C8|0	4105|8|0	4103|-7|0								
尺寸容器	26	5	1	0	36	199	32	0	0	00000002|00000000	65540|1|0	33|0|0	65539|12|0	1111|#FFFFFFFF|0	266249|7|0	266247|8|0	266241|95|0	5213|1|0	65538|135|0				
尺寸内容	26	6	3	0	0	0	0	0	0	00000000|00000000	65540|5|0	65539|10|0	1111|#FFC8C8C8|0	4105|8|0	4103|-7|0								
版本容器	26	7	1	0	68	199	32	0	0	00000002|00000000	65540|1|0	33|0|0	65539|12|0	1111|#FFFFFFFF|0	266249|7|0	266247|8|0	266241|95|0	5213|1|0	65538|136|0				
版本内容	26	8	3	0	0	0	0	0	0	00000000|00000000	65540|7|0	65539|10|0	1111|#FFC8C8C8|0	4105|8|0	4103|-7|0								
时间容器	26	9	1	0	100	199	32	0	0	00000002|00000000	65540|1|0	33|0|0	65539|12|0	1111|#FFFFFFFF|0	266249|7|0	266247|8|0	266241|120|0	5213|1|0	65538|137|0				
时间内容	26	10	3	0	0	0	0	0	0	00000000|00000000	65540|9|0	65539|10|0	1111|#FFC8C8C8|0	4105|8|0	4103|-7|0								
产商容器	26	11	1	0	132	199	32	0	0	00000002|00000000	65540|1|0	33|0|0	65539|12|0	1111|#FFFFFFFF|0	266249|7|0	266247|8|0	266241|95|0	5213|1|0	65538|138|0				
产商内容	26	12	3	0	0	0	0	0	0	00000000|00000000	65540|11|0	65539|10|0	1111|#FFC8C8C8|0	4105|8|0	4103|-7|0								
联系容器	26	13	1	0	164	199	36	0	0	00000002|00000000	65540|1|0	33|0|0	65539|12|0	1111|#FFFFFFFF|0	266249|7|0	266247|8|0	266241|95|0	5213|1|0	65538|139|0				
联系内容	26	14	3	0	0	0	0	0	0	00000000|00000000	65540|13|0	65539|10|0	1111|#FFC8C8C8|0	4105|8|0	4103|-7|0								
存储容器	26	15	1	6	135	161	59	0	0	00000002|00000000	65540|2|0	32|#FF1E1E20|0	96|10|0	65539|13|0	1111|#FFFFFFFF|0	266249|2|0	266248|12|0	65538|140|0					
存储内容	26	16	3	0	0	0	0	0	0	00000000|00000000	65540|15|0	65539|10|0	1111|#FFC8C8C8|0	4105|2|0	4104|29|0								
存储滑块	26	17	5	15	43	130	6	0	0	00000002|00000000	65540|15|0	32|#FFFFFFFF|0	32|#FF49AE35|0x020000	33|255|0	33|255|0x020000	96|3|0	96|3|0x020000								
容器(时区界面)	27	0	1	0	0	480	272	0	0	00000002|00000000	33|0|0	65537|161|0	65539|14|0	1111|#FFFFFFFF|0	266249|2|0	266248|13|0	65538|78|0						
列表容器	27	1	0	0	38	480	180	0	0	00000000|00000000	65540|0|0	33|0|0											
确定	27	2	1	204	228	88	34	0	0	00000000|00000000	65540|0|0	32|#FF4A4A4A|0	96|6|0	1111|#FFFFFFFF|0	65539|12|0	266249|9|0	266241|88|0	5213|2|0	65538|45|0				
列表项(时区列表项界面)	28	0	1	0	0	480	30	0	0	00000000|00000000	33|0|0	65539|12|0	1111|#FFFFFFFF|0	266249|7|0	266247|54|0	266241|626|0	5213|1|0	135177|7|0	135175|17|0				
选中图	28	1	2	0	0	0	0	0	0	00000000|00000000	65540|0|0	33|0|0	4105|7|0	4103|435|0	65537|189|0								
视频信息容器(摄像头界面)	29	0	1	66	42	404	220	0	0	00000002|00000000	32|#FF1E1E20|0	96|10|0	97|1|0			
线条	29	1	0	7	43	387	1	0	0	00000002|00000000	65540|0|0	32|#FF585858|0											
返回	29	2	1	336	8	58	28	0	0	00000000|00000000	65540|0|0	32|#FF2F302F|0	96|6|0	1111|#FFFFFFFF|0	65539|12|0	266249|9|0	266241|58|0	5213|2|0	65538|46|0		
多选/导出	29	3	1	71	8	58	28	0	0	00000000|00000000	65540|0|0	32|#FF2F302F|0	96|6|0	1111|#FFFFFFFF|0	65539|12|0	266249|9|0	266241|58|0	5213|2|0			
切页容器	29	4	1	438	116	42	102	0	0	00000002|00000000	33|0|0	65539|12|0	1111|#FFFFFFFF|0	266249|9|0									
上一页	29	5	1	0	0	41	41	0	0	00000000|00000000	65540|4|0	33|0|0	135177|9|0	65537|78|0	65537|79|0020								
下一页	29	6	1	0	60	41	41	0	0	00000000|00000000	65540|4|0	33|0|0	135177|9|0	65537|80|0	65537|81|0020								
列表容器	29	7	0	0	44	404	174	0	0	00000000|00000000	65540|0|0	33|0|0											
主页	29	8	1	66	42	404	220	0	0	00000002|00000000	32|#FF1E1E20|0	96|10|0	97|1|0			
视频列表项	29	9	1	5	4	394	28	0	0	00000000|00000000	65540|8|0	32|#FF1E1E20|0	32|#FF353535|0020	96|10|0	97|1|0	65539|12|0	1111|#FFFFFFFF|0	266249|7|0	266247|16|0	266241|340|0	5213|1|0	65538|178|0			
进入	29	10	1	299	0	95	28	0	0	00000002|00000000	65540|9|0	33|0|0	65539|12|0	1111|#FFFFFFFF|0	266249|8|0	266247|-23|0	135177|8|0	135175|-13|0		65537|236|0
线条	29	11	0	10	36	382	1	0	0	00000002|00000000	65540|8|0	32|#FF333337|0	97|1|0											
延时摄影项	29	12	1	5	40	394	28	0	0	00000000|00000000	65540|8|0	32|#FF1E1E20|0	32|#FF353535|0020	96|10|0	97|1|0	65539|12|0	1111|#FFFFFFFF|0	266249|7|0	266247|16|0	266241|340|0	5213|1|0	65538|29|0			
开关	29	13	1	299	0	95	28	0	0	00000002|00000000	65540|12|0	33|0|0	65539|12|0	1111|#FFFFFFFF|0	266249|8|0	266247|-23|0	135177|8|0	135175|-13|0
线条	29	14	0	10	70	382	1	0	0	00000002|00000000	65540|8|0	32|#FF333337|0	97|1|0											
AI功能项	29	15	1	5	74	394	28	0	0	00000000|00000000	65540|8|0	32|#FF1E1E20|0	32|#FF353535|0020	96|10|0	97|1|0	65539|12|0	1111|#FFFFFFFF|0	266249|7|0	266247|16|0	266241|340|0	5213|1|0	65538|272|0			
进入	29	16	1	299	0	95	28	0	0	00000002|00000000	65540|15|0	33|0|0	65539|12|0	1111|#FFFFFFFF|0	266249|8|0	266247|-23|0	135177|8|0	135175|-13|0		65537|236|0
AI功能页	29	17	1	66	42	404	220	0	0	00000002|00000000	32|#FF1E1E20|0	96|10|0	97|1|0	65539|12|0	1111|#FFFFFFFF|0	266247|16|0	266248|15|0	266241|250|0	5213|1|0	65538|314|0			
线条	29	18	0	7	43	387	1	0	0	00000002|00000000	65540|17|0	32|#FF585858|0											
AI检测项	29	19	1	0	48	404	56	0	0	00000002|00000000	65540|17|0	33|0|0	97|1|0	65539|12|0	1111|#FFFFFFFF|0	266247|16|0	266248|13|0	65538|273|0			
检测详情	29	20	3	16	30	0	0	0	0	00000000|00000000	65540|19|0	65539|10|0	1111|#FFA5A5A6|0	4097|330|0	65538|274|0								
开关	29	21	1	350	0	54	56	0	0	00000000|00000000	65540|19|0	33|0|0	135177|8|0	135175|-10|0
检测频率项	29	22	1	0	100	404	15	0	0	00000002|00000000	65540|17|0	33|0|0	97|1|0	65539|12|0	1111|#FFFFFFFF|0	266247|16|0	266249|7|0	266241|180|0	5213|1|0	65538|275|0			
进入	29	23	1	229	0	175	15	0	0	00000000|00000000	65540|22|0	33|0|0	65539|12|0	1111|#FFFFFFFF|0	266249|8|0	266247|-27|0	135177|8|0	135175|-10|0
AI检测异常	29	24	1	0	130	404	24	0	0	00000000|00000000	65540|17|0	33|0|0	97|1|0	65539|12|0	1111|#FFFFFFFF|0	266249|7|0	266247|42|0	266241|352|0	5213|1|0	135177|7|0	135175|16|0	65538|278|0			
视频列表	29	25	1	0	0	71	43	0	0	00000002|00000000	65540|0|0	33|0|0	1111|#FFFFFFFF|0	65539|12|0	266249|9|0	266241|60|0	5213|2|0	65538|178|0											
AI页返回	29	26	1	336	182	58	28	0	0	00000000|00000000	65540|17|0	96|6|0	32|#FF2F302F|0	1111|#FFFFFFFF|0	65539|12|0	266249|9|0	266241|58|0	5213|2|0	65538|46|0											
异物检测	29	27	1	5	110	394	28	0	0	00000000|00000000	65540|8|0	32|#FF1E1E20|0	32|#FF353535|0020	96|10|0	97|1|0	65539|12|0	1111|#FFFFFFFF|0	266249|7|0	266247|16|0	266241|340|0	5213|1|0	135177|8|0	135175|-10|0	65538|323|0			
线条	29	28	0	10	142	382	1	0	0	00000002|00000000	65540|8|0	32|#FF333337|0	97|1|0											
ai功能线条	29	29	0	10	106	382	1	0	0	00000002|00000000	65540|8|0	32|#FF333337|0	97|1|0											
容器(摄像列表项界面)	30	0	0	0	0	404	56	0	0	00000000|00000000	33|0|0												
勾选图	30	1	2	0	0	0	0	0	0	00000000|00000000	65540|0|0	33|0|0	4105|7|0	4103|15|0											
摄像图	30	2	2	0	0	0	0	0	0	00000000|00000000	65540|0|0	33|0|0	4105|7|0											
名称	30	3	3	0	4	0	0	0	0	00000000|00000000	65540|0|0	65539|11|0	1111|#FFFFFFFF|0	4097|240|0	4100|12|0								
时长	30	4	3	0	21	0	0	0	0	00000000|00000000	65540|0|0	65539|11|0	1111|#FFFFFFFF|0	4097|240|0	4100|12|0								
日期	30	5	3	0	38	0	0	0	0	00000000|00000000	65540|0|0	65539|11|0	1111|#FFFFFFFF|0	4097|240|0	4100|12|0								
导出	30	6	1	336	15	58	28	0	0	00000000|00000000	65540|0|0	32|#FF2F302F|0	96|6|0	1111|#FFFFFFFF|0	65539|12|0	266249|9|0	266241|58|0	5213|2|0	65538|180|0		
主页(网络界面)	31	0	0	0	0	480	272	0	0	00000002|00000000	33|0|0												
密码页	31	1	1	0	0	480	272	0	0	00000000|00000000	33|0|0	65537|212|0											
连接信息容器	31	2	1	60	37	192	230	0	0	00000002|00000000	65540|0|0	32|#FF1E1E20|0	96|10|0	1111|#FFFFFFFF|0	65539|12|0	266247|45|0	266248|15|0	135175|17|0	135176|11|0	65537|190|0			
忘记容器	31	3	0	60	37	192	230	0	0	00000002|00000000	65540|0|0	32|#FF1E1E20|0	96|10|0										
WIFI信息容器	31	4	1	257	37	217	230	0	0	00000002|00000000	65540|0|0	32|#FF1E1E20|0	96|10|0	97|1|0	1111|#FFFFFFFF|0	65539|12|0	266247|20|0	266248|15|0					
连接信息线	31	5	0	8	37	176	1	0	0	00000002|00000000	65540|2|0	32|#FF585858|0											
连接信息标题	31	6	3	8	50	0	0	0	0	00000000|00000000	65540|2|0	1111|#FFFFFFFF|0	65539|10|0	65538|183|0									
已连接wifi	31	7	1	8	79	176	28	0	0	00000000|00000000	65540|2|0	32|#FF2F302F|0	96|8|0	65539|10|0	266249|7|0	266247|10|0	135175|9|0	135177|7|0	65537|195|0					
接wifi图片	31	8	2	0	0	0	0	0	0	00000000|00000000	65540|7|0	4105|8|0	4103|-10|0										
IP项	31	9	1	8	118	176	28	0	0	00000002|00000000	65540|2|0	32|#FF2F302F|0	96|8|0	1111|#FFFFFFFF|0	65539|10|0	266249|7|0	266247|32|0	135175|9|0	135177|7|0				
返回	31	10	1	0	5	90	32	0	0	00000000|00000000	65540|3|0	33|0|0	1111|#FFFFFFFF|0	65539|12|0	266249|7|0	266247|30|0	266241|60|0	5213|1|0	135175|15|0	135177|7|0	65537|198|0	65538|46|0		
wifi名	31	11	1	16	43	160	28	0	0	00000002|00000000	65540|3|0	32|#FF2F302F|0	96|8|0	1111|#FFFFFFFF|0	65539|11|0	266249|9|0	266241|160|0	5213|2|0					
忘记	31	12	1	15	192	161	28	0	0	00000000|00000000	65540|3|0	32|#FF2F302F|0	96|10|0	1111|#FFFFFFFF|0	65539|12|0	266249|9|0	266241|72|0	5213|2|0	65538|186|0				
开关	31	13	1	154	0	54	36	0	0	00000000|00000000	65540|4|0	33|0|0	135177|9|0										
WIFI信息线	31	14	0	9	36	196	1	0	0	00000002|00000000	65540|4|0	32|#FF585858|0											
列表容器	31	15	0	0	38	217	192	0	0	00000000|00000000	65540|4|0	33|0|0											
密码WIFI名	31	16	1	58	0	422	36	0	0	00000002|00000000	65540|1|0	33|0|0	1111|#FFFFFFFF|0	65539|16|0										
密码输入框	31	17	7	68	37	294	38	0	0	00000000|00000000	65540|1|0	32|#FF040404|0	4146|1|0	48|#FF5E5E5E|0	96|6|0	1111|#FFFFFFFF|0	65539|14|0													
密码隐藏	31	18	1	249	4	36	30	0	0	00000000|00000000	65540|17|0	33|0|0	135177|9|0															
密码确认	31	19	1	372	37	98	38	0	0	00000000|00000000	65540|1|0	32|#FF202020|0	96|10|0	1111|#FFFFFFFF|0	65539|16|0	266249|9|0	266241|98|0	5213|2|0	65538|49|0													
密码键盘	31	20	0	68	81	402	183	0	0	00000000|00000000	65540|1|0	32|#FF1A1A1A|0	96|5|0															
密码返回	31	21	1	0	0	58	272	0	0	00000000|00000000	65540|1|0	32|#FF000000|0	32|#FF1A1A1A|0020	135177|9|0	65537|204|0													
蒙板	31	22	0	60	37	420	235	0	0	00000000|00000000	65540|0|0	33|0|0
列表项(网络列表项界面)	32	0	0	0	0	217	40	0	0	00000000|00000000	33|0|0												
线	32	1	0	9	39	196	1	0	0	00000002|00000000	65540|0|0	32|#FF585858|0											
wifi信息	32	2	1	9	5	196	30	0	0	00000002|00000000	65540|0|0	96|10|0	1111|#FFFFFFFF|0	65539|11|0	266249|7|0	266247|9|0	266241|100|0	135175|146|0	135177|7|0	65537|199|0			
wifi强度	32	3	2	0	0	0	0	0	0	00000000|00000000	65540|2|0	4105|7|0	4103|172|0										
wifi连接	32	4	2	0	0	0	0	0	0	00000000|00000000	65540|2|0	4105|7|0	4103|111|0	65537|244|0									
左边容器(进出料界面)	33	0	1	66	42	163	220	0	0	00000002|00000000	32|#FF1E1E20|0	96|10|0	1111|#FF49AE35|0	65539|12|0	266249|2|0	266248|15|0	135177|2|0	135176|0|0	65537|227|0												
右边容器	33	1	1	239	42	231	220	0	0	00000002|00000000	32|#FF1E1E20|0	96|10|0												
提示内容	33	2	3	15	53	0	0	0	0	00000000|00000000	65540|0|0	1111|#FFFFFFFF|0	65539|12|0	4097|132|0	65538|230|0									
步骤容器	33	3	1	0	37	163	183	0	0	00000002|00000000	65540|0|0	33|0|0												
步骤1	33	4	1	40	4	120	40	0	0	00000002|00000000	65540|3|0	33|0|0	1111|#FFFFFFFF|0	65539|12|0	266249|7|0	266247|0|0	266241|120|0	5213|1|0												
步骤2	33	5	1	40	47	120	40	0	0	00000002|00000000	65540|3|0	33|0|0	1111|#FFFFFFFF|0	65539|12|0	266249|7|0	266247|0|0	266241|120|0	5213|1|0												
步骤3	33	6	1	40	92	120	40	0	0	00000002|00000000	65540|3|0	33|0|0	1111|#FFFFFFFF|0	65539|12|0	266249|7|0	266247|0|0	266241|120|0	5213|1|0												
步骤4	33	7	1	40	136	120	40	0	0	00000002|00000000	65540|3|0	33|0|0	1111|#FFFFFFFF|0	65539|12|0	266249|7|0	266247|0|0	266241|120|0	5213|1|0												
进料	33	8	1	15	165	88	32	0	0	00000000|00000000	65540|1|0	32|#FF2F302F|0	96|6|0	1111|#FFFFFFFF|0	65539|12|0	266249|9|0	266241|88|0	5213|2|0	65538|7|0													
退料	33	9	1	127	165	88	32	0	0	00000000|00000000	65540|1|0	32|#FF2F302F|0	96|6|0	1111|#FFFFFFFF|0	65539|12|0	266249|9|0	266241|88|0	5213|2|0	65538|8|0													
温度设置容器	33	10	1	0	49	231	60	0	0	00000002|00000000	65540|1|0	33|0|0	1111|#FFFFFFFF|0	65539|12|0	266249|2|0	266241|231|0	5213|2|0	65538|238|0												
设置值	33	11	1	69	18	92	32	0	0	00000002|00000000	65540|10|0	32|#FF2F302F|0	96|6|0	4146|1|0	48|#FFFFFFFF|0	1111|#FFFFFFFF|0	65539|12|0	266249|9|0	266241|92|0	5213|2|0													
减	33	12	1	27	18	32	32	0	0	00000000|00000000	65540|10|0	32|#FF2F302F|0	96|6|0	135177|9|0	65537|62|0
加	33	13	1	171	18	32	32	0	0	00000000|00000000	65540|10|0	32|#FF2F302F|0	96|6|0	135177|9|0	65537|64|0
温度加热容器	33	14	1	0	40	231	80	0	0	00000002|00000000	65540|1|0	33|0|0	135177|2|0	65537|229|0												
箭头	33	15	1	96	62	39	8	0	0	00000002|00000000	65540|14|0	33|0|0	135177|9|0	65537|230|0												
当前温度	33	16	3	0	0	0	0	0	0	00000000|00000000	65540|14|0	1111|#FFFF6E14|0	65539|12|0	65548|15|0
设置温度	33	17	3	0	0	0	0	0	0	00000000|00000000	65540|14|0	1111|#FFFF6E14|0	65539|12|0	65551|15|0
温度正常容器	33	18	1	0	40	231	80	0	0	00000002|00000000	65540|1|0	33|0|0	1111|#FFFFFFFF|0	65539|12|0	266249|2|0	266248|60|0	135177|2|0	65537|231|0												
蒙板(打印进出料界面)	34	0	0	0	0	480	272	0	0	00000000|00000000	32|#FF000000|0	33|51|0											
容器	34	1	1	142	61	196	150	0	0	00000002|00000000	65540|0|0	32|#FF3C3E3B|0	96|6|0										
进料	34	2	1	12	14	80	40	0	0	00000000|00000000	65540|1|0	32|#FF4A4A4A|0	32|#FF5B5B5B|0020	96|10|0	1111|#FFFFFFFF|0	65539|12|0	266249|9|0	266241|80|0	5213|2|0	65538|7|0
退料	34	3	1	102	14	80	40	0	0	00000000|00000000	65540|1|0	32|#FF4A4A4A|0	32|#FF5B5B5B|0020	96|10|0	1111|#FFFFFFFF|0	65539|12|0	266249|9|0	266241|80|0	5213|2|0	65538|8|0
停止	34	4	1	45	63	106	40	0	0	00000000|00000000	65540|1|0	32|#FF4A4A4A|0	32|#FF5B5B5B|0020	96|10|0	1111|#FFFFFFFF|0	65539|12|0	266249|9|0	266241|80|0	5213|2|0	65538|46|0
温度	34	5	1	0	114	196	22	0	0	00000002|00000000	65540|1|0	33|0|0	1111|#FFFFFFFF|0	65539|14|0	65537|100|0												
切刀界面	35	0	1	66	42	404	220	0	0	00000002|00000000	32|#FF1E1E20|0	96|10|0	97|1|0	135177|9|0	266247|16|0	266248|15|0	65539|12|0	266241|250|0	65537|232|0	65538|239|0										
自动切料	35	1	1	7	53	387	31	0	0	00000000|00000000	65540|0|0	32|#FF2F302F|0	1111|#FFFFFFFF|0	96|6|0	97|1|0	135175|13|0	135177|7|0	266247|35|0	266249|7|0	65539|12|0	266241|250|0	65537|233|0	65538|240|0											
手动切料	35	2	1	7	94	387	31	0	0	00000000|00000000	65540|0|0	32|#FF2F302F|0	1111|#FFFFFFFF|0	96|6|0	97|1|0	135175|13|0	135177|7|0	266247|35|0	266249|7|0	65539|12|0	266241|250|0	65537|233|0	65538|241|0											
信息	35	3	3	8	128	0	0	0	0	00000002|00000000	65540|0|0	1111|#FFA5A5A6|0	65539|10|0	4097|385|0	5213|0|0	65538|250|0
指南	35	4	1	244	176	70	34	0	0	00000000|00000000	65540|0|0	32|#FF2F302F|0	1111|#FFFFFFFF|0	96|6|0	97|1|0	266249|9|0	65539|12|0	65538|242|0											
返回	35	5	1	324	176	70	34	0	0	00000000|00000000	65540|0|0	32|#FF2F302F|0	1111|#FFFFFFFF|0	96|6|0	97|1|0	266249|9|0	65539|12|0	65538|46|0											
指南蒙板	35	6	1	0	0	480	272	0	0	00000000|00000000	32|#FF383838|0	33|77|0										
指南容器	35	7	1	50	26	380	220	0	0	00000002|00000000	65540|6|0	96|10|0	32|#FF383838|0	135175|55|0	135176|34|0	266247|35|0	266248|8|0	65539|12|0										
当前页数	35	8	1	10	8	20	17	0	0	00000002|00000000	65540|7|0	33|0|0	266249|7|0	65539|12|0									
总页数	35	9	3	13	2	0	0	0	0	00000002|00000000	65540|8|0	65539|10|0										
关闭指南	35	10	1	334	10	36	36	0	0	00000000|00000000	65540|7|0	32|#FF4A4A4A|0	96|18|0	97|1|0	135177|9|0	65537|234|0											
上一页	35	11	1	9	92	36	36	0	0	00000000|00000000	65540|7|0	32|#FF4A4A4A|0	96|18|0	97|1|0	135177|9|0	65537|235|0											
下一页	35	12	1	334	92	36	36	0	0	00000000|00000000	65540|7|0	32|#FF4A4A4A|0	96|18|0	97|1|0	135177|9|0	65537|236|0											
内容	35	13	3	25	174	0	0	0	0	00000002|00000000	65540|7|0	1111|#FFFFFFFF|0	65539|10|0	4097|330|0	5213|1|0
蒙板(频率选择界面)	36	0	0	0	0	480	272	0	0	00000000|00000000	32|#FF000000|0	33|51|0											
容器	36	1	1	125	32	230	207	0	0	00000002|00000000	65540|0|0	32|#FF383838|0	96|6|0	1111|#FFFFFFFF|0	65539|12|0	266249|2|0	266248|14|0	65538|275|0										
常规检测	36	2	1	18	40	194	34	0	0	00000000|00000000	65540|1|0	96|6|0	97|1|0	1111|#FFFFFFFF|0	65539|12|0	266249|9|0	266241|194|0	5213|2|0	65538|276|0											
专业检测	36	3	1	18	126	194	34	0	0	00000000|00000000	65540|1|0	96|6|0	97|1|0	1111|#FFFFFFFF|0	65539|12|0	266249|9|0	266241|194|0	5213|2|0	65538|277|0											
常规详情	36	4	3	0	0	0	0	0	0	00000000|00000000	65540|1|0	65539|10|0	1111|#FFFFFFFF|0	4105|2|0	4104|78|0	4097|194|0	5213|2|0	65538|279|0								
专业详情	36	5	3	0	0	0	0	0	0	00000000|00000000	65540|1|0	65539|10|0	1111|#FFFFFFFF|0	4105|2|0	4104|166|0	4097|194|0	5213|2|0	65538|280|0								
容器(Z轴偏移界面)	37	0	0	135	31	210	210	0	0	00000000|00000000	32|#FF383838|0	96|10|0											
标题	37	1	3	0	0	0	0	0	0	00000000|00000000	65540|0|0	1111|#FFFFFFFF|0	65539|12|0	4105|2|0	4104|17|0	4097|210|0	5213|2|0	65538|281|0							
刻度1	37	2	1	28	51	64	30	0	0	00000000|00000000	65540|0|0	96|10|0	97|1|0	1111|#FFFFFFFF|0	65539|12|0	266249|9|0	266241|64|0	5213|2|0											
刻度2	37	3	1	28	99	64	30	0	0	00000000|00000000	65540|0|0	96|10|0	97|1|0	1111|#FFFFFFFF|0	65539|12|0	266249|9|0	266241|64|0	5213|2|0											
刻度3	37	4	1	28	147	64	30	0	0	00000000|00000000	65540|0|0	96|10|0	97|1|0	1111|#FFFFFFFF|0	65539|12|0	266249|9|0	266241|64|0	5213|2|0											
向上	37	5	1	130	56	55	36	0	0	00000000|00000000	65540|0|0	33|0|0	135177|9|0	65537|240|0	65537|241|0020											
向下	37	6	1	130	136	55	36	0	0	00000000|00000000	65540|0|0	33|0|0	135177|9|0	65537|242|0	65537|243|0020											
当前值	37	7	3	0	0	0	0	0	0	00000000|00000000	65540|0|0	1111|#FFFFFFFF|0	65539|12|0	4103|118|0	4104|107|0	4097|77|0	5213|2|0		
帮助	37	8	1	10	13	24	24	0	0	00000000|00000000	65540|0|0	33|0|0	135177|9|0	65537|361|0	
保存	37	9	1	162	4	44	44	0	0	00000000|00000000	65540|0|0	33|0|0	
蒙板(Z轴偏移帮助界面)	37	10	0	0	0	480	272	0	0	00000000|00000000	33|0|0
容器(Z轴偏移帮助界面)	37	11	1	50	26	380	220	0	0	00000002|00000000	65540|10|0	32|#FF383838|0	96|10|0 
帮助界面关闭	37	12	1	334	10	36	36	0	0	00000000|00000000	65540|11|0	33|0|0	135177|9|0	65537|362|0       
帮助界面提示	37	13	3	11	138	359	82	0	0	00000002|00000000	65540|11|0	33|0|0	65539|11|0	1111|#FFFFFFFF|0	5213|1|0	65538|343|0
帮助界面示例图	37	14	2	0	0	0	0	0	0	00000002|00000000	65540|11|0	4105|2|0	4104|7|0	65537|363|0 
恢复出厂界面	38	0	1	66	42	404	220	0	0	00000002|00000000	32|#FF1E1E20|0	96|10|0	97|1|0	135177|9|0	266247|15|0	266248|15|0	65539|12|0	266241|150|0	65537|232|0	65538|80|0									
恢复选项	38	1	3	15	52	150	0	0	0	00000002|00000000	65540|0|0	1111|#FFFFFFFF|0	65539|12|0	65538|294|0										
日志	38	2	1	0	77	150	24	0	0	00000002|00000000	65540|0|0	33|0|0	1111|#FFFFFFFF|0	266247|48|0	266249|7|0	65538|295|0	65539|12|0											
勾选框	38	3	1	15	0	24	24	0	0	00000000|00000000	65540|2|0	33|0|0	135177|9|0											
打印记录及延时摄影文件	38	4	1	0	113	350	24	0	0	00000002|00000000	65540|0|0	33|0|0	1111|#FFFFFFFF|0	266247|48|0	266249|7|0	65539|12|0											
勾选框	38	5	1	15	0	24	24	0	0	00000000|00000000	65540|4|0	33|0|0	135177|9|0											
Gcode文件	38	6	1	0	149	150	24	0	0	00000002|00000000	65540|0|0	33|0|0	1111|#FFFFFFFF|0	266247|48|0	266249|7|0	65538|297|0	65539|12|0											
勾选框	38	7	1	15	0	24	24	0	0	00000000|00000000	65540|6|0	33|0|0	135177|9|0											
返回	38	8	1	208	176	88	34	0	0	00000000|00000000	65540|0|0	32|#FF2F302F|0	1111|#FFFFFFFF|0	96|10|0	97|1|0	266249|9|0	65539|12|0	65538|46|0											
恢复	38	9	1	306	176	88	34	0	0	00000000|00000000	65540|0|0	32|#FF2F302F|0	96|10|0	97|1|0	266249|9|0	65539|12|0	65538|256|0											
更新界面	39	0	0	66	42	404	220	0	0	00000002|00000000	32|#FF1E1E20|0	96|10|0	97|1|0										
固件升级容器	39	1	1	0	0	404	86	0	0	00000002|00000000	65540|0|0	33|0|0	135175|10|0	135176|10|0	266247|47|0	266248|27|0	65537|259|0	65539|11|0										
当前版本	39	2	1	47	12	150	15	0	0	00000002|00000000	65540|1|0	33|0|0	266249|7|0	65537|133|0	65538|60|0	65539|11|0										
固件	39	3	1	10	48	384	38	0	0	00000000|00000000	65540|1|0	96|10|0	32|#FF2F302F|0	32|#FF505050|0020	266249|7|0	266247|16|0	266241|120|0	65539|14|0										
版本号	39	4	3	0	0	225	12	0	0	00000002|00000000	65540|3|0	33|0|0	4105|8|0	4103|-10|0	4097|225|0	5213|3|0	65539|11|0										
AI摄像头升级容器	39	5	1	0	86	404	86	0	0	00000002|00000000	65540|0|0	33|0|0	135175|10|0	135176|10|0	266247|47|0	266248|27|0	65537|260|0	65539|11|0										
当前版本	39	6	1	47	12	150	15	0	0	00000002|00000000	65540|5|0	33|0|0	266249|7|0	65537|133|0	65538|60|0	65539|11|0										
AI摄像头	39	7	1	10	48	384	38	0	0	00000000|00000000	65540|5|0	96|10|0	32|#FF2F302F|0	32|#FF505050|0020	266249|7|0	266247|16|0	266241|120|0	65538|311|0	65539|14|0										
版本号	39	8	3	0	0	225	12	0	0	00000002|00000000	65540|7|0	33|0|0	4105|8|0	4103|-10|0	4097|225|0	5213|3|0	65539|11|0									
返回	39	9	1	336	182	58	28	0	0	00000000|00000000	65540|0|0	96|6|0	32|#FF2F302F|0	1111|#FFFFFFFF|0	266249|9|0	266241|58|0	5213|2|0	65538|46|0	65539|12|0
容器(打印平台选项界面)	40	0	1	66	42	404	220	0	0	00000002|00000000	32|#FF1E1E20|0	96|10|0	97|1|0			
线条	40	1	0	7	43	387	1	0	0	00000002|00000000	65540|0|0	32|#FF585858|0											
返回	40	2	1	324	176	70	34	0	0	00000000|00000000	65540|0|0	32|#FF2F302F|0	96|6|0	1111|#FFFFFFFF|0	65539|12|0	266249|9|0	266241|70|0	5213|2|0	65538|46|0		
标题	40	3	1	16	0	372	45	0	0	00000000|00000000	65540|0|0	33|0|0	96|6|0	1111|#FFFFFFFF|0	65539|12|0	266249|7|0	266241|372|0	5213|1|0	65538|329|0		
A面	40	4	1	7	53	387	31	0	0	00000000|00000000	65540|0|0	32|#FF2F302F|0	96|6|0	1111|#FFFFFFFF|0	65539|12|0	135177|7|0	135175|13|0	266249|7|0	266247|35|0	266241|350|0	5213|1|0	65537|180|0	65538|330|0		
B面	40	5	1	7	94	387	31	0	0	00000000|00000000	65540|0|0	32|#FF2F302F|0	96|6|0	1111|#FFFFFFFF|0	65539|12|0	135177|7|0	135175|13|0	266249|7|0	266247|35|0	266241|350|0	5213|1|0	65537|180|0	65538|331|0		
内容	40	6	1	7	130	314	84	0	0	00000002|00000000	65540|0|0	33|0|0	1111|#FFFFFFFF|0	65539|12|0	266241|314|0	65538|332|0		
容器(信息界面)	41	0	0	66	12	404	272	0	0	00000002|00000000	32|#FF1E1E20|0	96|10|0																							
左容器	41	1	1	0	0	200	272	0	0	00000002|00000000	65540|0|0	33|0|0	96|10|0	97|1|0																					
右容器	41	2	1	200	0	200	272	0	0	00000002|00000000	65540|0|0	32|#FF2F302F|0	96|10|0	135177|2|0	135176|0|0																				
L1	41	3	1	0	0	199	28	0	0	00000002|00000000	65540|1|0	33|0|0	65539|12|0	1111|#FFFFFFFF|0	266249|7|0	266247|8|0	266241|180|0	5213|1|0																	
L2	41	4	1	0	28	199	28	0	0	00000002|00000000	65540|1|0	33|0|0	65539|12|0	1111|#FFFFFFFF|0	266249|7|0	266247|8|0	266241|180|0	5213|1|0																	
L3	41	5	1	0	56	199	28	0	0	00000002|00000000	65540|1|0	33|0|0	65539|12|0	1111|#FFFFFFFF|0	266249|7|0	266247|8|0	266241|180|0	5213|1|0																	
L4	41	6	1	0	84	199	28	0	0	00000002|00000000	65540|1|0	33|0|0	65539|12|0	1111|#FFFFFFFF|0	266249|7|0	266247|8|0	266241|180|0	5213|1|0																	
L5	41	7	1	0	112	199	28	0	0	00000002|00000000	65540|1|0	33|0|0	65539|12|0	1111|#FFFFFFFF|0	266249|7|0	266247|8|0	266241|180|0	5213|1|0																	
L6	41	8	1	0	140	199	28	0	0	00000002|00000000	65540|1|0	33|0|0	65539|12|0	1111|#FFFFFFFF|0	266249|7|0	266247|8|0	266241|180|0	5213|1|0																	
L6	41	9	1	0	168	199	28	0	0	00000002|00000000	65540|1|0	33|0|0	65539|12|0	1111|#FFFFFFFF|0	266249|7|0	266247|8|0	266241|180|0	5213|1|0																	
L8	41	10	1	0	196	199	28	0	0	00000002|00000000	65540|1|0	33|0|0	65539|12|0	1111|#FFFFFFFF|0	266249|7|0	266247|8|0	266241|180|0	5213|1|0																	
L9	41	11	1	0	224	199	28	0	0	00000002|00000000	65540|1|0	33|0|0	65539|12|0	1111|#FFFFFFFF|0	266249|7|0	266247|8|0	266241|180|0	5213|1|0																	
R1	41	12	1	0	0	199	28	0	0	00000002|00000000	65540|2|0	33|0|0	65539|12|0	1111|#FFFFFFFF|0	266249|7|0	266247|8|0	266241|95|0	5213|1|0																	
CHIPID	41	25	1	100	0	199	28	0	0	00000002|00000000	65540|2|0	33|0|0	65539|12|0	1111|#FFFFFFFF|0	266249|7|0	266247|8|0	266241|120|0	5213|1|0
R2	41	13	1	0	28	199	28	0	0	00000002|00000000	65540|2|0	33|0|0	65539|12|0	1111|#FFFFFFFF|0	266249|7|0	266247|8|0	266241|95|0	5213|1|0																	
R3	41	14	1	0	56	199	28	0	0	00000002|00000000	65540|2|0	33|0|0	65539|12|0	1111|#FFFFFFFF|0	266249|7|0	266247|8|0	266241|95|0	5213|1|0																	
R4	41	15	1	0	84	199	28	0	0	00000002|00000000	65540|2|0	33|0|0	65539|12|0	1111|#FFFFFFFF|0	266249|7|0	266247|8|0	266241|95|0	5213|1|0																	
R5	41	16	1	0	112	199	28	0	0	00000002|00000000	65540|2|0	33|0|0	65539|12|0	1111|#FFFFFFFF|0	266249|7|0	266247|8|0	266241|95|0	5213|1|0																	
R6	41	17	1	0	140	199	28	0	0	00000002|00000000	65540|2|0	33|0|0	65539|12|0	1111|#FFFFFFFF|0	266249|7|0	266247|8|0	266241|95|0	5213|1|0																	
R7	41	18	1	0	168	199	28	0	0	00000002|00000000	65540|2|0	33|0|0	65539|12|0	1111|#FFFFFFFF|0	266249|7|0	266247|8|0	266241|95|0	5213|1|0																	
R8	41	19	1	0	196	199	28	0	0	00000002|00000000	65540|2|0	33|0|0	65539|12|0	1111|#FFFFFFFF|0	266249|7|0	266247|8|0	266241|95|0	5213|1|0																	
R8	41	20	1	0	224	199	28	0	0	00000002|00000000	65540|2|0	33|0|0	65539|12|0	1111|#FFFFFFFF|0	266249|7|0	266247|8|0	266241|120|0	5213|1|0																	
C1	41	21	1	0	196	40	28	0	0	00000002|00000000	65540|1|0	32|#FFFF0000|0	65539|12|0	1111|#FFFFFFFF|0	266249|7|0	266247|8|0	266241|95|0	5213|1|0																	
C2	41	22	1	40	196	40	28	0	0	00000002|00000000	65540|1|0	32|#FF00FF00|0	65539|12|0	1111|#FFFFFFFF|0	266249|7|0	266247|8|0	266241|95|0	5213|1|0																	
C3	41	23	1	80	196	40	28	0	0	00000002|00000000	65540|1|0	32|#FF0000FF|0	65539|12|0	1111|#FFFFFFFF|0	266249|7|0	266247|8|0	266241|120|0	5213|1|0																	
C4	41	24	1	120	196	40	28	0	0	00000002|00000000	65540|1|0	32|#FFFFFFFF|0	65539|12|0	1111|#FFFFFFFF|0	266249|7|0	266247|8|0	266241|120|0	5213|1|0																	
